SerialNum,Co2,Humid,Pm10,Pm5,Temp,Vocs,timeZone,ReportTime,latitude,longitude
24:0A:C4:22:41:26,410,45.6,14,13,34.8,2,GMT+09:00,2022-07-19 20:00,37.5621649,127.0493929
24:0A:C4:22:41:26,406,45.6,13,13,34.8,1,GMT+09:00,2022-07-19 20:00,37.5621649,127.0493929
24:0A:C4:22:41:26,414,45.6,13,13,34.8,3,GMT+09:00,2022-07-19 20:00,37.5621649,127.0493929
24:0A:C4:22:41:26,406,45.6,13,13,34.8,1,GMT+09:00,2022-07-19 20:00,37.5621649,127.0493929
24:0A:C4:22:41:26,410,45.6,14,14,34.8,2,GMT+09:00,2022-07-19 20:00,37.5621649,127.0493929
24:0A:C4:22:41:26,410,45.6,13,13,34.8,2,GMT+09:00,2022-07-19 20:00,37.5630693,127.0489497
24:0A:C4:22:41:26,410,45.6,13,13,34.8,2,GMT+09:00,2022-07-19 20:00,37.5630693,127.0489497
24:0A:C4:22:41:26,410,45.6,13,13,34.8,2,GMT+09:00,2022-07-19 20:00,37.5630693,127.0489497
24:0A:C4:22:41:26,406,45.6,13,13,34.8,1,GMT+09:00,2022-07-19 20:00,37.5630693,127.0489497
24:0A:C4:22:41:26,414,45.6,14,14,34.8,3,GMT+09:00,2022-07-19 20:00,37.5630693,127.0489497
24:0A:C4:22:41:26,410,45.5,14,14,34.8,2,GMT+09:00,2022-07-19 20:00,37.5630693,127.0489497
24:0A:C4:22:41:26,410,45.6,14,14,34.8,2,GMT+09:00,2022-07-19 20:00,37.5630693,127.0489497
24:0A:C4:22:41:26,410,45.6,14,14,34.8,2,GMT+09:00,2022-07-19 20:00,37.5630693,127.0489497
24:0A:C4:22:41:26,414,45.6,14,14,34.8,3,GMT+09:00,2022-07-19 20:00,37.5630693,127.0489497
24:0A:C4:22:41:26,410,45.6,14,14,34.8,2,GMT+09:00,2022-07-19 20:00,37.5630693,127.0489497
24:0A:C4:22:41:26,414,45.6,15,15,34.8,3,GMT+09:00,2022-07-19 20:00,37.5634252,127.0489282
24:0A:C4:22:41:26,410,45.6,15,15,34.8,2,GMT+09:00,2022-07-19 20:00,37.5634252,127.0489282
24:0A:C4:22:41:26,414,45.5,15,15,34.8,3,GMT+09:00,2022-07-19 20:00,37.5634252,127.0489282
24:0A:C4:22:41:26,414,45.6,15,15,34.8,3,GMT+09:00,2022-07-19 20:00,37.5634252,127.0489282
24:0A:C4:22:41:26,410,45.6,15,15,34.8,2,GMT+09:00,2022-07-19 20:00,37.5634252,127.0489282
24:0A:C4:22:41:26,414,45.6,15,15,34.8,3,GMT+09:00,2022-07-19 20:00,37.5634252,127.0489282
24:0A:C4:22:41:26,414,45.5,15,15,34.8,3,GMT+09:00,2022-07-19 20:00,37.5634252,127.0489282
24:0A:C4:22:41:26,414,45.6,15,15,34.9,3,GMT+09:00,2022-07-19 20:00,37.5634252,127.0489282
24:0A:C4:22:41:26,410,45.6,16,16,34.8,2,GMT+09:00,2022-07-19 20:00,37.5634252,127.0489282
24:0A:C4:22:41:26,406,45.5,16,16,34.8,1,GMT+09:00,2022-07-19 20:00,37.5634252,127.0489282
24:0A:C4:22:41:26,414,45.6,16,16,34.8,3,GMT+09:00,2022-07-19 20:00,37.5634252,127.0489282
24:0A:C4:22:41:26,410,45.6,17,17,34.8,2,GMT+09:00,2022-07-19 20:00,37.5634252,127.0489282
24:0A:C4:22:41:26,410,45.6,17,16,34.8,2,GMT+09:00,2022-07-19 20:00,37.5634252,127.0489282
24:0A:C4:22:41:26,414,45.6,17,17,34.8,3,GMT+09:00,2022-07-19 20:00,37.5634252,127.0489282
24:0A:C4:22:41:26,406,45.6,17,16,34.8,1,GMT+09:00,2022-07-19 20:00,37.5634252,127.0489282
24:0A:C4:22:41:26,410,45.6,17,16,34.8,2,GMT+09:00,2022-07-19 20:00,37.5634252,127.0489282
24:0A:C4:22:41:26,414,45.6,17,16,34.8,3,GMT+09:00,2022-07-19 20:00,37.5634252,127.0489282
24:0A:C4:22:41:26,406,45.5,17,16,34.8,1,GMT+09:00,2022-07-19 20:00,37.5634252,127.0489282
24:0A:C4:22:41:26,414,45.6,16,16,34.8,3,GMT+09:00,2022-07-19 20:00,37.5634252,127.0489282
24:0A:C4:22:41:26,414,45.6,16,16,34.8,3,GMT+09:00,2022-07-19 20:00,37.5634252,127.0489282
24:0A:C4:22:41:26,410,45.6,16,16,34.8,2,GMT+09:00,2022-07-19 20:00,37.5677287,127.0531954
24:0A:C4:22:41:26,418,45.6,16,15,34.8,3,GMT+09:00,2022-07-19 20:00,37.5677287,127.0531954
24:0A:C4:22:41:26,414,45.6,16,15,34.8,3,GMT+09:00,2022-07-19 20:00,37.5677287,127.0531954
24:0A:C4:22:41:26,414,45.6,16,15,34.8,3,GMT+09:00,2022-07-19 20:00,37.5677287,127.0531954
24:0A:C4:22:41:26,414,45.6,16,15,34.8,3,GMT+09:00,2022-07-19 20:00,37.5677287,127.0531954
24:0A:C4:22:41:26,418,45.7,16,16,34.8,3,GMT+09:00,2022-07-19 20:00,37.5677287,127.0531954
24:0A:C4:22:41:26,418,45.7,17,16,34.8,3,GMT+09:00,2022-07-19 20:00,37.5677287,127.0531954
24:0A:C4:22:41:26,406,45.6,17,16,34.8,1,GMT+09:00,2022-07-19 20:00,37.5677287,127.0531954
24:0A:C4:22:41:26,410,45.6,16,16,34.8,2,GMT+09:00,2022-07-19 20:00,37.5677287,127.0531954
24:0A:C4:22:41:26,418,45.6,16,16,34.8,3,GMT+09:00,2022-07-19 20:00,37.5677287,127.0531954
24:0A:C4:22:41:26,410,45.6,15,15,34.9,2,GMT+09:00,2022-07-19 20:00,37.5677287,127.0531954
24:0A:C4:22:41:26,418,45.7,15,15,34.9,3,GMT+09:00,2022-07-19 20:00,37.5677287,127.0531954
24:0A:C4:22:41:26,414,45.6,15,15,34.8,3,GMT+09:00,2022-07-19 20:00,37.5677287,127.0531954
24:0A:C4:22:41:26,410,45.6,15,15,34.8,2,GMT+09:00,2022-07-19 20:00,37.5677287,127.0531954
24:0A:C4:22:41:26,418,45.6,15,15,34.9,3,GMT+09:00,2022-07-19 20:00,37.5677287,127.0531954
24:0A:C4:22:41:26,414,45.6,15,15,34.8,3,GMT+09:00,2022-07-19 20:00,37.5677287,127.0531954
24:0A:C4:22:41:26,414,45.7,15,15,34.9,3,GMT+09:00,2022-07-19 20:00,37.5677287,127.0531954
24:0A:C4:22:41:26,418,45.6,15,15,34.9,3,GMT+09:00,2022-07-19 20:00,37.5677287,127.0531954
24:0A:C4:22:41:26,414,45.6,15,15,34.9,3,GMT+09:00,2022-07-19 20:00,37.5634631,127.0489445
24:0A:C4:22:41:26,414,45.6,14,14,34.9,3,GMT+09:00,2022-07-19 20:00,37.5634631,127.0489445
24:0A:C4:22:41:26,418,45.6,14,14,34.9,3,GMT+09:00,2022-07-19 20:00,37.5634631,127.0489445
24:0A:C4:22:41:26,414,45.7,14,14,34.8,3,GMT+09:00,2022-07-19 20:00,37.5634631,127.0489445
24:0A:C4:22:41:26,414,45.7,14,14,34.9,3,GMT+09:00,2022-07-19 20:00,37.5634631,127.0489445
24:0A:C4:22:41:26,418,45.6,15,15,34.8,3,GMT+09:00,2022-07-19 20:00,37.5634631,127.0489445
24:0A:C4:22:41:26,414,45.7,15,15,34.9,3,GMT+09:00,2022-07-19 20:00,37.5634631,127.0489445
24:0A:C4:22:41:26,414,45.6,15,15,34.9,3,GMT+09:00,2022-07-19 20:01,37.5634631,127.0489445
24:0A:C4:22:41:26,418,45.6,15,15,34.9,3,GMT+09:00,2022-07-19 20:01,37.5634631,127.0489445
24:0A:C4:22:41:26,414,45.7,14,14,34.9,3,GMT+09:00,2022-07-19 20:01,37.5634631,127.0489445
24:0A:C4:22:41:26,414,45.7,14,14,34.9,3,GMT+09:00,2022-07-19 20:01,37.5634631,127.0489445
24:0A:C4:22:41:26,414,45.7,14,14,34.8,3,GMT+09:00,2022-07-19 20:01,37.5634631,127.0489445
24:0A:C4:22:41:26,418,45.7,14,14,34.8,3,GMT+09:00,2022-07-19 20:01,37.5634631,127.0489445
24:0A:C4:22:41:26,418,45.7,14,14,34.9,3,GMT+09:00,2022-07-19 20:01,37.5634528,127.0488711
24:0A:C4:22:41:26,414,45.7,14,14,34.9,3,GMT+09:00,2022-07-19 20:01,37.5634528,127.0488711
24:0A:C4:22:41:26,418,45.7,14,14,34.8,3,GMT+09:00,2022-07-19 20:01,37.5634528,127.0488711
24:0A:C4:22:41:26,418,45.6,14,14,34.9,3,GMT+09:00,2022-07-19 20:01,37.5634528,127.0488711
24:0A:C4:22:41:26,418,45.7,14,14,34.9,3,GMT+09:00,2022-07-19 20:01,37.5634528,127.0488711
24:0A:C4:22:41:26,418,45.6,14,14,34.9,3,GMT+09:00,2022-07-19 20:01,37.5634528,127.0488711
24:0A:C4:22:41:26,418,45.6,14,14,34.9,3,GMT+09:00,2022-07-19 20:01,37.5634528,127.0488711
24:0A:C4:22:41:26,418,45.7,14,14,34.9,3,GMT+09:00,2022-07-19 20:01,37.5634528,127.0488711
24:0A:C4:22:41:26,414,45.6,14,14,34.9,3,GMT+09:00,2022-07-19 20:01,37.5634528,127.0488711
24:0A:C4:22:41:26,418,45.7,14,14,34.9,3,GMT+09:00,2022-07-19 20:01,37.5634528,127.0488711
24:0A:C4:22:41:26,418,45.6,14,14,34.9,3,GMT+09:00,2022-07-19 20:01,37.5634528,127.0488711
24:0A:C4:22:41:26,414,45.7,14,14,34.9,3,GMT+09:00,2022-07-19 20:01,37.5634528,127.0488711
24:0A:C4:22:41:26,422,45.7,14,14,34.9,4,GMT+09:00,2022-07-19 20:01,37.5634528,127.0488711
24:0A:C4:22:41:26,418,45.7,14,14,34.9,3,GMT+09:00,2022-07-19 20:01,37.5634528,127.0488711
24:0A:C4:22:41:26,418,45.6,14,14,34.9,3,GMT+09:00,2022-07-19 20:01,37.5634528,127.0488711
24:0A:C4:22:41:26,422,45.6,14,14,34.9,4,GMT+09:00,2022-07-19 20:01,37.5634528,127.0488711
24:0A:C4:22:41:26,422,45.7,15,15,34.9,4,GMT+09:00,2022-07-19 20:01,37.5634528,127.0488711
24:0A:C4:22:41:26,418,45.7,14,14,34.9,3,GMT+09:00,2022-07-19 20:01,37.5634528,127.0488711
24:0A:C4:22:41:26,418,45.7,14,14,34.9,3,GMT+09:00,2022-07-19 20:01,37.5634528,127.0488711
24:0A:C4:22:41:26,418,45.6,14,14,34.9,3,GMT+09:00,2022-07-19 20:01,37.5634528,127.0488711
24:0A:C4:22:41:26,422,45.7,15,14,34.9,4,GMT+09:00,2022-07-19 20:01,37.5634528,127.0488711
24:0A:C4:22:41:26,422,45.6,15,14,34.9,4,GMT+09:00,2022-07-19 20:01,37.5634528,127.0488711
24:0A:C4:22:41:26,418,45.7,15,15,34.9,3,GMT+09:00,2022-07-19 20:01,37.5634528,127.0488711
24:0A:C4:22:41:26,418,45.7,15,14,34.9,3,GMT+09:00,2022-07-19 20:01,37.5634528,127.0488711
24:0A:C4:22:41:26,422,45.7,14,14,34.9,4,GMT+09:00,2022-07-19 20:01,37.5634528,127.0488711
24:0A:C4:22:41:26,422,45.7,15,14,34.9,4,GMT+09:00,2022-07-19 20:01,37.5634528,127.0488711
24:0A:C4:22:41:26,422,45.7,15,14,34.9,4,GMT+09:00,2022-07-19 20:01,37.5638348,127.0481155
24:0A:C4:22:41:26,422,45.7,15,14,34.9,4,GMT+09:00,2022-07-19 20:01,37.5638348,127.0481155
24:0A:C4:22:41:26,426,45.7,15,14,34.9,4,GMT+09:00,2022-07-19 20:01,37.5638348,127.0481155
24:0A:C4:22:41:26,422,45.7,16,15,34.9,4,GMT+09:00,2022-07-19 20:01,37.5638348,127.0481155
24:0A:C4:22:41:26,422,45.7,16,15,34.9,4,GMT+09:00,2022-07-19 20:01,37.5638348,127.0481155
24:0A:C4:22:41:26,426,45.7,16,15,34.9,4,GMT+09:00,2022-07-19 20:01,37.5638348,127.0481155
24:0A:C4:22:41:26,426,45.7,15,15,34.9,4,GMT+09:00,2022-07-19 20:01,37.5638348,127.0481155
24:0A:C4:22:41:26,434,45.7,15,14,34.9,6,GMT+09:00,2022-07-19 20:01,37.5638348,127.0481155
24:0A:C4:22:41:26,426,45.8,16,14,34.9,4,GMT+09:00,2022-07-19 20:01,37.5638348,127.0481155
24:0A:C4:22:41:26,428,45.8,16,14,34.9,5,GMT+09:00,2022-07-19 20:01,37.5638348,127.0481155
24:0A:C4:22:41:26,434,45.8,15,14,34.9,6,GMT+09:00,2022-07-19 20:01,37.5638348,127.0481155
24:0A:C4:22:41:26,426,45.8,16,14,34.9,4,GMT+09:00,2022-07-19 20:01,37.5638348,127.0481155
24:0A:C4:22:41:26,434,45.8,16,14,35,6,GMT+09:00,2022-07-19 20:01,37.5638348,127.0481155
24:0A:C4:22:41:26,447,45.8,16,15,34.9,8,GMT+09:00,2022-07-19 20:01,37.5638348,127.0481155
24:0A:C4:22:41:26,428,45.8,16,15,34.9,5,GMT+09:00,2022-07-19 20:01,37.5638171,127.0481271
24:0A:C4:22:41:26,444,45.8,15,14,34.9,7,GMT+09:00,2022-07-19 20:01,37.5638171,127.0481271
24:0A:C4:22:41:26,434,45.8,16,15,34.9,6,GMT+09:00,2022-07-19 20:01,37.5638171,127.0481271
24:0A:C4:22:41:26,434,45.8,15,14,34.9,6,GMT+09:00,2022-07-19 20:01,37.5638171,127.0481271
24:0A:C4:22:41:26,447,45.8,16,15,34.9,8,GMT+09:00,2022-07-19 20:01,37.5638171,127.0481271
24:0A:C4:22:41:26,434,45.8,16,15,35,6,GMT+09:00,2022-07-19 20:01,37.5638171,127.0481271
24:0A:C4:22:41:26,434,45.8,16,15,35,6,GMT+09:00,2022-07-19 20:01,37.5638171,127.0481271
24:0A:C4:22:41:26,434,45.8,15,14,35,6,GMT+09:00,2022-07-19 20:01,37.5638171,127.0481271
24:0A:C4:22:41:26,434,45.8,15,14,34.9,6,GMT+09:00,2022-07-19 20:01,37.5638171,127.0481271
24:0A:C4:22:41:26,439,45.8,15,14,35,6,GMT+09:00,2022-07-19 20:01,37.5638171,127.0481271
24:0A:C4:22:41:26,434,45.7,15,14,34.9,6,GMT+09:00,2022-07-19 20:01,37.5637783,127.0480837
24:0A:C4:22:41:26,439,45.7,15,14,35,6,GMT+09:00,2022-07-19 20:01,37.5637783,127.0480837
24:0A:C4:22:41:26,434,45.8,14,14,35,6,GMT+09:00,2022-07-19 20:01,37.5637783,127.0480837
24:0A:C4:22:41:26,434,45.8,15,14,34.9,6,GMT+09:00,2022-07-19 20:01,37.5637783,127.0480837
24:0A:C4:22:41:26,444,45.7,15,14,34.9,7,GMT+09:00,2022-07-19 20:02,37.5637783,127.0480837
24:0A:C4:22:41:26,439,45.7,16,15,35,6,GMT+09:00,2022-07-19 20:02,37.5637783,127.0480837
24:0A:C4:22:41:26,434,45.7,16,15,35,6,GMT+09:00,2022-07-19 20:02,37.5637783,127.0480837
24:0A:C4:22:41:26,439,45.8,15,15,34.9,6,GMT+09:00,2022-07-19 20:02,37.5637783,127.0480837
24:0A:C4:22:41:26,439,45.7,15,15,35,6,GMT+09:00,2022-07-19 20:02,37.5637783,127.0480837
24:0A:C4:22:41:26,439,45.8,14,14,35,6,GMT+09:00,2022-07-19 20:02,37.5637783,127.0480837
24:0A:C4:22:41:26,439,45.7,15,15,35,6,GMT+09:00,2022-07-19 20:02,37.5637783,127.0480837
24:0A:C4:22:41:26,444,45.7,15,15,34.9,7,GMT+09:00,2022-07-19 20:02,37.5637783,127.0480837
24:0A:C4:22:41:26,439,45.7,15,15,35,6,GMT+09:00,2022-07-19 20:02,37.5637783,127.0480837
24:0A:C4:22:41:26,439,45.8,15,15,35,6,GMT+09:00,2022-07-19 20:02,37.5637783,127.0480837
24:0A:C4:22:41:26,444,45.8,15,15,34.9,7,GMT+09:00,2022-07-19 20:02,37.5637783,127.0480837
24:0A:C4:22:41:26,444,45.8,15,15,35,7,GMT+09:00,2022-07-19 20:02,37.5637783,127.0480837
24:0A:C4:22:41:26,444,45.7,15,15,35,7,GMT+09:00,2022-07-19 20:02,37.5637783,127.0480837
24:0A:C4:22:41:26,447,45.7,16,15,35,8,GMT+09:00,2022-07-19 20:02,37.5637783,127.0480837
24:0A:C4:22:41:26,447,45.7,16,15,35,8,GMT+09:00,2022-07-19 20:02,37.5637783,127.0480837
24:0A:C4:22:41:26,447,45.8,16,16,35,8,GMT+09:00,2022-07-19 20:02,37.5637783,127.0480837
24:0A:C4:22:41:26,447,45.7,17,16,35,8,GMT+09:00,2022-07-19 20:02,37.5637783,127.0480837
24:0A:C4:22:41:26,439,45.8,17,16,35,6,GMT+09:00,2022-07-19 20:02,37.5635937,127.0476815
24:0A:C4:22:41:26,444,45.7,16,16,35,7,GMT+09:00,2022-07-19 20:02,37.5635937,127.0476815
24:0A:C4:22:41:26,447,45.7,16,16,35,8,GMT+09:00,2022-07-19 20:02,37.5635937,127.0476815
24:0A:C4:22:41:26,439,45.7,16,16,35,6,GMT+09:00,2022-07-19 20:02,37.5635937,127.0476815
24:0A:C4:22:41:26,444,45.8,16,16,35,7,GMT+09:00,2022-07-19 20:02,37.5635937,127.0476815
24:0A:C4:22:41:26,444,45.8,16,16,35,7,GMT+09:00,2022-07-19 20:02,37.5635937,127.0476815
24:0A:C4:22:41:26,447,45.7,16,16,35,8,GMT+09:00,2022-07-19 20:02,37.5635937,127.0476815
24:0A:C4:22:41:26,444,45.8,16,16,35,7,GMT+09:00,2022-07-19 20:02,37.5635937,127.0476815
24:0A:C4:22:41:26,444,45.8,16,16,35,7,GMT+09:00,2022-07-19 20:02,37.5635937,127.0476815
24:0A:C4:22:41:26,444,45.7,16,16,35,7,GMT+09:00,2022-07-19 20:02,37.5635937,127.0476815
24:0A:C4:22:41:26,444,45.7,16,16,35,7,GMT+09:00,2022-07-19 20:02,37.5635937,127.0476815
24:0A:C4:22:41:26,434,45.8,16,15,35,6,GMT+09:00,2022-07-19 20:02,37.5635937,127.0476815
24:0A:C4:22:41:26,434,45.8,16,15,35,6,GMT+09:00,2022-07-19 20:02,37.5635937,127.0476815
24:0A:C4:22:41:26,444,45.8,16,15,35,7,GMT+09:00,2022-07-19 20:02,37.5635604,127.0477066
24:0A:C4:22:41:26,444,45.8,16,15,35,7,GMT+09:00,2022-07-19 20:02,37.5635604,127.0477066
24:0A:C4:22:41:26,447,45.8,16,15,35,8,GMT+09:00,2022-07-19 20:02,37.5635604,127.0477066
24:0A:C4:22:41:26,447,45.8,16,15,35,8,GMT+09:00,2022-07-19 20:02,37.5635604,127.0477066
24:0A:C4:22:41:26,447,45.8,16,15,35,8,GMT+09:00,2022-07-19 20:02,37.5635604,127.0477066
24:0A:C4:22:41:26,447,45.8,16,15,35,8,GMT+09:00,2022-07-19 20:02,37.5635604,127.0477066
24:0A:C4:22:41:26,447,45.8,16,15,35,8,GMT+09:00,2022-07-19 20:02,37.5635604,127.0477066
24:0A:C4:22:41:26,447,45.8,16,15,35,8,GMT+09:00,2022-07-19 20:02,37.5635604,127.0477066
24:0A:C4:22:41:26,444,45.8,15,15,35,7,GMT+09:00,2022-07-19 20:02,37.5635604,127.0477066
24:0A:C4:22:41:26,444,45.8,15,15,35,7,GMT+09:00,2022-07-19 20:02,37.5635604,127.0477066
24:0A:C4:22:41:26,444,45.7,15,15,35,7,GMT+09:00,2022-07-19 20:02,37.5635604,127.0477066
24:0A:C4:22:41:26,444,45.7,15,15,35,7,GMT+09:00,2022-07-19 20:02,37.5635604,127.0477066
24:0A:C4:22:41:26,447,45.8,15,15,35,8,GMT+09:00,2022-07-19 20:02,37.5635604,127.0477066
24:0A:C4:22:41:26,447,45.8,15,15,35,8,GMT+09:00,2022-07-19 20:02,37.5635604,127.0477066
24:0A:C4:22:41:26,447,45.8,15,15,35,8,GMT+09:00,2022-07-19 20:02,37.5635604,127.0477066
24:0A:C4:22:41:26,447,45.8,15,15,35,8,GMT+09:00,2022-07-19 20:02,37.5635604,127.0477066
24:0A:C4:22:41:26,447,45.8,15,15,35,8,GMT+09:00,2022-07-19 20:02,37.5635604,127.0477066
24:0A:C4:22:41:26,447,45.8,15,15,35,8,GMT+09:00,2022-07-19 20:02,37.5635604,127.0477066
24:0A:C4:22:41:26,447,45.8,15,15,35,8,GMT+09:00,2022-07-19 20:02,37.5635604,127.0477066
24:0A:C4:22:41:26,444,45.8,15,15,35,7,GMT+09:00,2022-07-19 20:02,37.5635604,127.0477066
24:0A:C4:22:41:26,447,45.7,16,15,35,8,GMT+09:00,2022-07-19 20:02,37.5635604,127.0477066
24:0A:C4:22:41:26,450,45.8,16,15,35,8,GMT+09:00,2022-07-19 20:02,37.5635604,127.0477066
24:0A:C4:22:41:26,447,45.8,16,15,35,8,GMT+09:00,2022-07-19 20:02,37.5635604,127.0477066
24:0A:C4:22:41:26,450,45.8,16,15,35,8,GMT+09:00,2022-07-19 20:02,37.5635604,127.0477066
24:0A:C4:22:41:26,447,45.8,16,16,35,8,GMT+09:00,2022-07-19 20:02,37.5635604,127.0477066
24:0A:C4:22:41:26,444,45.8,18,16,35,7,GMT+09:00,2022-07-19 20:02,37.5635604,127.0477066
24:0A:C4:22:41:26,450,45.8,18,16,35,8,GMT+09:00,2022-07-19 20:02,37.5635604,127.0477066
24:0A:C4:22:41:26,444,45.8,17,16,35,7,GMT+09:00,2022-07-19 20:02,37.5635379,127.0477067
24:0A:C4:22:41:26,444,45.8,18,17,35,7,GMT+09:00,2022-07-19 20:02,37.5635379,127.0477067
24:0A:C4:22:41:26,447,45.8,18,17,35,8,GMT+09:00,2022-07-19 20:02,37.5635379,127.0477067
24:0A:C4:22:41:26,447,45.8,18,17,35,8,GMT+09:00,2022-07-19 20:02,37.5635379,127.0477067
24:0A:C4:22:41:26,447,45.8,18,17,35,8,GMT+09:00,2022-07-19 20:02,37.5635379,127.0477067
24:0A:C4:22:41:26,455,45.8,18,17,35,9,GMT+09:00,2022-07-19 20:02,37.5635379,127.0477067
24:0A:C4:22:41:26,447,45.8,19,17,35,8,GMT+09:00,2022-07-19 20:02,37.5635379,127.0477067
24:0A:C4:22:41:26,447,45.8,19,18,35,8,GMT+09:00,2022-07-19 20:02,37.5635379,127.0477067
24:0A:C4:22:41:26,460,45.8,19,17,35.1,10,GMT+09:00,2022-07-19 20:02,37.5635379,127.0477067
24:0A:C4:22:41:26,450,45.8,19,17,35,8,GMT+09:00,2022-07-19 20:02,37.5635379,127.0477067
24:0A:C4:22:41:26,450,45.8,19,18,35,8,GMT+09:00,2022-07-19 20:02,37.5635379,127.0477067
24:0A:C4:22:41:26,447,45.8,19,18,35,8,GMT+09:00,2022-07-19 20:02,37.5635379,127.0477067
24:0A:C4:22:41:26,450,45.7,19,18,35.1,8,GMT+09:00,2022-07-19 20:02,37.5635379,127.0477067
24:0A:C4:22:41:26,455,45.8,19,17,35,9,GMT+09:00,2022-07-19 20:02,37.5635379,127.0477067
24:0A:C4:22:41:26,455,45.7,18,17,35,9,GMT+09:00,2022-07-19 20:03,37.5635379,127.0477067
24:0A:C4:22:41:26,455,45.8,18,16,35.1,9,GMT+09:00,2022-07-19 20:03,37.5635379,127.0477067
24:0A:C4:22:41:26,450,45.8,17,16,35,8,GMT+09:00,2022-07-19 20:03,37.5635379,127.0477067
24:0A:C4:22:41:26,455,45.7,18,16,35.1,9,GMT+09:00,2022-07-19 20:03,37.5635379,127.0477067
24:0A:C4:22:41:26,463,45.8,17,16,35,10,GMT+09:00,2022-07-19 20:03,37.5635379,127.0477067
24:0A:C4:22:41:26,450,45.8,18,17,35,8,GMT+09:00,2022-07-19 20:03,37.5635379,127.0477067
24:0A:C4:22:41:26,450,45.8,18,17,35.1,8,GMT+09:00,2022-07-19 20:03,37.5635283,127.0476347
24:0A:C4:22:41:26,455,45.7,18,17,35.1,9,GMT+09:00,2022-07-19 20:03,37.5635283,127.0476347
24:0A:C4:22:41:26,455,45.8,17,17,35.1,9,GMT+09:00,2022-07-19 20:03,37.5635283,127.0476347
24:0A:C4:22:41:26,460,45.8,17,17,35,10,GMT+09:00,2022-07-19 20:03,37.5635283,127.0476347
24:0A:C4:22:41:26,455,45.8,17,16,35.1,9,GMT+09:00,2022-07-19 20:03,37.5635283,127.0476347
24:0A:C4:22:41:26,455,45.8,16,16,35.1,9,GMT+09:00,2022-07-19 20:03,37.5635283,127.0476347
24:0A:C4:22:41:26,460,45.8,17,16,35.1,10,GMT+09:00,2022-07-19 20:03,37.5635283,127.0476347
24:0A:C4:22:41:26,455,45.7,17,16,35.1,9,GMT+09:00,2022-07-19 20:03,37.5635283,127.0476347
24:0A:C4:22:41:26,455,45.8,17,16,35.1,9,GMT+09:00,2022-07-19 20:03,37.5635283,127.0476347
24:0A:C4:22:41:26,463,45.8,17,16,35.1,10,GMT+09:00,2022-07-19 20:03,37.5635283,127.0476347
24:0A:C4:22:41:26,460,45.8,16,16,35.1,10,GMT+09:00,2022-07-19 20:03,37.5635283,127.0476347
24:0A:C4:22:41:26,455,45.8,17,16,35.1,9,GMT+09:00,2022-07-19 20:03,37.5635283,127.0476347
24:0A:C4:22:41:26,470,45.8,16,16,35.1,11,GMT+09:00,2022-07-19 20:03,37.5635283,127.0476347
24:0A:C4:22:41:26,460,45.9,17,16,35.1,10,GMT+09:00,2022-07-19 20:03,37.5635283,127.0476347
24:0A:C4:22:41:26,460,45.9,17,16,35.1,10,GMT+09:00,2022-07-19 20:03,37.5635283,127.0476347
24:0A:C4:22:41:26,463,45.8,17,17,35.1,10,GMT+09:00,2022-07-19 20:03,37.5635283,127.0476347
24:0A:C4:22:41:26,460,45.8,17,16,35.1,10,GMT+09:00,2022-07-19 20:03,37.5635283,127.0476347
24:0A:C4:22:41:26,463,45.8,17,16,35.1,10,GMT+09:00,2022-07-19 20:03,37.5635283,127.0476347
24:0A:C4:22:41:26,470,45.8,17,16,35.1,11,GMT+09:00,2022-07-19 20:03,37.5635283,127.0476347
24:0A:C4:22:41:26,463,45.9,16,16,35.1,10,GMT+09:00,2022-07-19 20:03,37.5635283,127.0476347
24:0A:C4:22:41:26,475,45.9,16,15,35.1,12,GMT+09:00,2022-07-19 20:03,37.5635168,127.0476883
24:0A:C4:22:41:26,475,46,16,16,35.1,12,GMT+09:00,2022-07-19 20:03,37.5635168,127.0476883
24:0A:C4:22:41:26,470,46,17,16,35.1,11,GMT+09:00,2022-07-19 20:03,37.5635168,127.0476883
24:0A:C4:22:41:26,475,46,17,17,35.1,12,GMT+09:00,2022-07-19 20:03,37.5635168,127.0476883
24:0A:C4:22:41:26,463,46.1,17,16,35.1,10,GMT+09:00,2022-07-19 20:03,37.5635168,127.0476883
24:0A:C4:22:41:26,470,46,17,16,35.1,11,GMT+09:00,2022-07-19 20:03,37.5635168,127.0476883
24:0A:C4:22:41:26,477,45.9,17,16,35.1,12,GMT+09:00,2022-07-19 20:03,37.5635168,127.0476883
24:0A:C4:22:41:26,470,46,16,16,35.1,11,GMT+09:00,2022-07-19 20:03,37.5635168,127.0476883
24:0A:C4:22:41:26,485,46,16,16,35.1,13,GMT+09:00,2022-07-19 20:03,37.5635168,127.0476883
24:0A:C4:22:41:26,470,46,17,16,35.1,11,GMT+09:00,2022-07-19 20:03,37.5635168,127.0476883
24:0A:C4:22:41:26,475,46,17,16,35.1,12,GMT+09:00,2022-07-19 20:03,37.5635168,127.0476883
24:0A:C4:22:41:26,485,46,16,16,35.1,13,GMT+09:00,2022-07-19 20:03,37.5635168,127.0476883
24:0A:C4:22:41:26,475,46,16,16,35.1,12,GMT+09:00,2022-07-19 20:03,37.5635168,127.0476883
24:0A:C4:22:41:26,485,46,16,16,35.1,13,GMT+09:00,2022-07-19 20:03,37.5635168,127.0476883
24:0A:C4:22:41:26,485,46,16,16,35.1,13,GMT+09:00,2022-07-19 20:03,37.5635168,127.0476883
24:0A:C4:22:41:26,477,45.9,16,16,35.1,12,GMT+09:00,2022-07-19 20:03,37.5635168,127.0476883
24:0A:C4:22:41:26,485,46,16,16,35.1,13,GMT+09:00,2022-07-19 20:03,37.5635168,127.0476883
24:0A:C4:22:41:26,475,46,16,16,35.1,12,GMT+09:00,2022-07-19 20:03,37.5635168,127.0476883
24:0A:C4:22:41:26,477,46,16,15,35.1,12,GMT+09:00,2022-07-19 20:03,37.5635168,127.0476883
24:0A:C4:22:41:26,487,45.9,16,15,35.1,14,GMT+09:00,2022-07-19 20:03,37.5635168,127.0476883
24:0A:C4:22:41:26,485,46,16,15,35.1,13,GMT+09:00,2022-07-19 20:03,37.5634896,127.0477321
24:0A:C4:22:41:26,487,45.9,16,15,35.1,14,GMT+09:00,2022-07-19 20:03,37.5634896,127.0477321
24:0A:C4:22:41:26,485,45.9,16,15,35.1,13,GMT+09:00,2022-07-19 20:03,37.5634896,127.0477321
24:0A:C4:22:41:26,485,45.9,15,14,35.1,13,GMT+09:00,2022-07-19 20:03,37.5634896,127.0477321
24:0A:C4:22:41:26,487,45.9,15,14,35.1,14,GMT+09:00,2022-07-19 20:03,37.5634896,127.0477321
24:0A:C4:22:41:26,487,45.9,15,14,35.1,14,GMT+09:00,2022-07-19 20:03,37.5634896,127.0477321
24:0A:C4:22:41:26,487,46,14,14,35.1,14,GMT+09:00,2022-07-19 20:03,37.5634896,127.0477321
24:0A:C4:22:41:26,487,45.8,14,13,35.1,14,GMT+09:00,2022-07-19 20:03,37.5634896,127.0477321
24:0A:C4:22:41:26,487,45.9,14,13,35.1,14,GMT+09:00,2022-07-19 20:03,37.5634896,127.0477321
24:0A:C4:22:41:26,487,45.9,14,14,35.1,14,GMT+09:00,2022-07-19 20:03,37.5634896,127.0477321
24:0A:C4:22:41:26,492,45.8,14,14,35.2,15,GMT+09:00,2022-07-19 20:03,37.5634896,127.0477321
24:0A:C4:22:41:26,487,45.9,14,14,35.1,14,GMT+09:00,2022-07-19 20:03,37.5634896,127.0477321
24:0A:C4:22:41:26,487,45.9,14,14,35.1,14,GMT+09:00,2022-07-19 20:03,37.5634896,127.0477321
24:0A:C4:22:41:26,485,45.9,14,14,35.1,13,GMT+09:00,2022-07-19 20:03,37.5634896,127.0477321
24:0A:C4:22:41:26,487,45.9,14,14,35.1,14,GMT+09:00,2022-07-19 20:04,37.5634896,127.0477321
24:0A:C4:22:41:26,486,45.9,14,14,35.1,14,GMT+09:00,2022-07-19 20:04,37.5634896,127.0477321
24:0A:C4:22:41:26,483,45.9,14,14,35.2,13,GMT+09:00,2022-07-19 20:04,37.5634896,127.0477321
24:0A:C4:22:41:26,491,45.9,14,13,35.1,14,GMT+09:00,2022-07-19 20:04,37.5634896,127.0477321
24:0A:C4:22:41:26,486,45.9,14,13,35.1,14,GMT+09:00,2022-07-19 20:04,37.5634896,127.0477321
24:0A:C4:22:41:26,491,45.9,14,13,35.1,14,GMT+09:00,2022-07-19 20:04,37.5634901,127.0477353
24:0A:C4:22:41:26,491,45.9,14,13,35.2,14,GMT+09:00,2022-07-19 20:04,37.5634901,127.0477353
24:0A:C4:22:41:26,486,45.9,14,13,35.1,14,GMT+09:00,2022-07-19 20:04,37.5634901,127.0477353
24:0A:C4:22:41:26,491,45.8,13,13,35.2,14,GMT+09:00,2022-07-19 20:04,37.5634901,127.0477353
24:0A:C4:22:41:26,491,45.9,14,14,35.2,14,GMT+09:00,2022-07-19 20:04,37.5634901,127.0477353
24:0A:C4:22:41:26,491,45.8,13,13,35.1,14,GMT+09:00,2022-07-19 20:04,37.5634901,127.0477353
24:0A:C4:22:41:26,496,45.9,13,13,35.2,15,GMT+09:00,2022-07-19 20:04,37.5634901,127.0477353
24:0A:C4:22:41:26,491,45.8,13,13,35.2,14,GMT+09:00,2022-07-19 20:04,37.5634901,127.0477353
24:0A:C4:22:41:26,496,45.8,13,13,35.2,15,GMT+09:00,2022-07-19 20:04,37.5634901,127.0477353
24:0A:C4:22:41:26,491,45.8,13,13,35.2,14,GMT+09:00,2022-07-19 20:04,37.5634901,127.0477353
24:0A:C4:22:41:26,501,45.8,13,13,35.1,16,GMT+09:00,2022-07-19 20:04,37.5634901,127.0477353
24:0A:C4:22:41:26,491,45.9,14,14,35.2,14,GMT+09:00,2022-07-19 20:04,37.5634901,127.0477353
24:0A:C4:22:41:26,491,45.8,14,14,35.2,14,GMT+09:00,2022-07-19 20:04,37.5634901,127.0477353
24:0A:C4:22:41:26,491,45.8,14,14,35.2,14,GMT+09:00,2022-07-19 20:04,37.5634901,127.0477353
24:0A:C4:22:41:26,496,45.9,13,13,35.1,15,GMT+09:00,2022-07-19 20:04,37.5634901,127.0477353
24:0A:C4:22:41:26,496,45.9,13,13,35.1,15,GMT+09:00,2022-07-19 20:04,37.5634901,127.0477353
24:0A:C4:22:41:26,491,45.8,14,14,35.2,14,GMT+09:00,2022-07-19 20:04,37.5634901,127.0477353
24:0A:C4:22:41:26,491,45.8,14,14,35.2,14,GMT+09:00,2022-07-19 20:04,37.5634901,127.0477353
24:0A:C4:22:41:26,496,45.8,14,14,35.2,15,GMT+09:00,2022-07-19 20:04,37.5634901,127.0477353
24:0A:C4:22:41:26,496,45.8,14,14,35.2,15,GMT+09:00,2022-07-19 20:04,37.5634901,127.0477353
24:0A:C4:22:41:26,496,45.9,13,13,35.2,15,GMT+09:00,2022-07-19 20:04,37.5634901,127.0477353
24:0A:C4:22:41:26,496,45.9,13,13,35.2,15,GMT+09:00,2022-07-19 20:04,37.5634901,127.0477353
24:0A:C4:22:41:26,491,45.8,13,13,35.2,14,GMT+09:00,2022-07-19 20:04,37.5634901,127.0477353
24:0A:C4:22:41:26,491,45.8,13,13,35.2,14,GMT+09:00,2022-07-19 20:04,37.5634901,127.0477353
24:0A:C4:22:41:26,496,45.8,13,13,35.2,15,GMT+09:00,2022-07-19 20:04,37.5634901,127.0477353
24:0A:C4:22:41:26,496,45.8,13,13,35.2,15,GMT+09:00,2022-07-19 20:04,37.5634901,127.0477353
24:0A:C4:22:41:26,491,45.8,13,13,35.2,14,GMT+09:00,2022-07-19 20:04,37.5634901,127.0477353
24:0A:C4:22:41:26,491,45.8,13,13,35.2,14,GMT+09:00,2022-07-19 20:04,37.5634901,127.0477353
24:0A:C4:22:41:26,491,45.8,13,13,35.2,14,GMT+09:00,2022-07-19 20:04,37.5634902,127.0477331
24:0A:C4:22:41:26,491,45.8,13,13,35.2,14,GMT+09:00,2022-07-19 20:04,37.5634902,127.0477331
24:0A:C4:22:41:26,496,45.8,13,13,35.2,15,GMT+09:00,2022-07-19 20:04,37.5634902,127.0477331
24:0A:C4:22:41:26,496,45.8,13,13,35.2,15,GMT+09:00,2022-07-19 20:04,37.5634902,127.0477331
24:0A:C4:22:41:26,496,45.8,13,13,35.1,15,GMT+09:00,2022-07-19 20:04,37.5634902,127.0477331
24:0A:C4:22:41:26,496,45.8,13,13,35.1,15,GMT+09:00,2022-07-19 20:04,37.5634902,127.0477331
24:0A:C4:22:41:26,506,45.8,13,13,35.2,17,GMT+09:00,2022-07-19 20:04,37.5634902,127.0477331
24:0A:C4:22:41:26,506,45.8,13,13,35.2,17,GMT+09:00,2022-07-19 20:04,37.5634902,127.0477331
24:0A:C4:22:41:26,496,45.8,13,13,35.2,15,GMT+09:00,2022-07-19 20:04,37.5634902,127.0477331
24:0A:C4:22:41:26,496,45.8,13,13,35.2,15,GMT+09:00,2022-07-19 20:04,37.5634902,127.0477331
24:0A:C4:22:41:26,506,45.8,13,13,35.2,17,GMT+09:00,2022-07-19 20:04,37.5634902,127.0477331
24:0A:C4:22:41:26,506,45.8,13,13,35.2,17,GMT+09:00,2022-07-19 20:04,37.5634902,127.0477331
24:0A:C4:22:41:26,515,45.8,13,13,35.2,18,GMT+09:00,2022-07-19 20:04,37.5634902,127.0477331
24:0A:C4:22:41:26,515,45.8,13,13,35.2,18,GMT+09:00,2022-07-19 20:04,37.5634902,127.0477331
24:0A:C4:22:41:26,496,45.8,13,13,35.2,15,GMT+09:00,2022-07-19 20:04,37.5634902,127.0477331
24:0A:C4:22:41:26,496,45.8,13,13,35.2,15,GMT+09:00,2022-07-19 20:04,37.5634902,127.0477331
24:0A:C4:22:41:26,501,45.8,13,13,35.2,16,GMT+09:00,2022-07-19 20:04,37.5634902,127.0477331
24:0A:C4:22:41:26,501,45.8,13,13,35.2,16,GMT+09:00,2022-07-19 20:04,37.5634902,127.0477331
24:0A:C4:22:41:26,501,45.8,13,13,35.2,16,GMT+09:00,2022-07-19 20:04,37.5634902,127.0477331
24:0A:C4:22:41:26,501,45.8,13,13,35.2,16,GMT+09:00,2022-07-19 20:04,37.5634902,127.0477331
24:0A:C4:22:41:26,491,45.8,12,12,35.2,14,GMT+09:00,2022-07-19 20:04,37.5634902,127.0477331
24:0A:C4:22:41:26,491,45.8,12,12,35.2,14,GMT+09:00,2022-07-19 20:04,37.5634902,127.0477331
24:0A:C4:22:41:26,506,45.8,12,12,35.2,17,GMT+09:00,2022-07-19 20:04,37.5634902,127.0477331
24:0A:C4:22:41:26,506,45.8,12,12,35.2,17,GMT+09:00,2022-07-19 20:04,37.5634902,127.0477331
24:0A:C4:22:41:26,496,45.8,12,12,35.2,15,GMT+09:00,2022-07-19 20:04,37.5634902,127.0477331
24:0A:C4:22:41:26,496,45.8,12,12,35.2,15,GMT+09:00,2022-07-19 20:04,37.5634902,127.0477331
24:0A:C4:22:41:26,496,45.7,13,13,35.2,15,GMT+09:00,2022-07-19 20:04,37.5634902,127.0477331
24:0A:C4:22:41:26,496,45.7,13,13,35.2,15,GMT+09:00,2022-07-19 20:04,37.5634902,127.0477331
24:0A:C4:22:41:26,501,45.8,13,13,35.2,16,GMT+09:00,2022-07-19 20:04,37.5634902,127.0477331
24:0A:C4:22:41:26,501,45.8,13,13,35.2,16,GMT+09:00,2022-07-19 20:04,37.5634902,127.0477331
24:0A:C4:22:41:26,501,45.8,12,12,35.2,16,GMT+09:00,2022-07-19 20:04,37.5634902,127.0477331
24:0A:C4:22:41:26,501,45.8,12,12,35.2,16,GMT+09:00,2022-07-19 20:04,37.5634902,127.0477331
24:0A:C4:22:41:26,496,45.8,12,12,35.2,15,GMT+09:00,2022-07-19 20:04,37.5634902,127.0477331
24:0A:C4:22:41:26,496,45.8,12,12,35.2,15,GMT+09:00,2022-07-19 20:04,37.5634902,127.0477331
24:0A:C4:22:41:26,496,45.8,12,12,35.2,15,GMT+09:00,2022-07-19 20:04,37.5634902,127.0477331
24:0A:C4:22:41:26,496,45.8,12,12,35.2,15,GMT+09:00,2022-07-19 20:04,37.5634902,127.0477331
24:0A:C4:22:41:26,501,45.8,12,12,35.2,16,GMT+09:00,2022-07-19 20:04,37.5634902,127.0477331
24:0A:C4:22:41:26,501,45.8,12,12,35.2,16,GMT+09:00,2022-07-19 20:04,37.5634902,127.0477331
24:0A:C4:22:41:26,496,45.8,11,11,35.2,15,GMT+09:00,2022-07-19 20:04,37.5634902,127.0477331
24:0A:C4:22:41:26,496,45.8,11,11,35.2,15,GMT+09:00,2022-07-19 20:04,37.5634902,127.0477331
24:0A:C4:22:41:26,496,45.8,11,11,35.2,15,GMT+09:00,2022-07-19 20:04,37.5634899,127.0477338
24:0A:C4:22:41:26,496,45.8,11,11,35.2,15,GMT+09:00,2022-07-19 20:04,37.5634899,127.0477338
24:0A:C4:22:41:26,496,45.7,12,11,35.2,15,GMT+09:00,2022-07-19 20:04,37.5634899,127.0477338
24:0A:C4:22:41:26,496,45.7,12,11,35.2,15,GMT+09:00,2022-07-19 20:04,37.5634899,127.0477338
24:0A:C4:22:41:26,496,45.8,12,11,35.2,15,GMT+09:00,2022-07-19 20:04,37.5634899,127.0477338
24:0A:C4:22:41:26,496,45.8,12,11,35.2,15,GMT+09:00,2022-07-19 20:04,37.5634899,127.0477338
24:0A:C4:22:41:26,501,45.8,11,10,35.2,16,GMT+09:00,2022-07-19 20:04,37.5634899,127.0477338
24:0A:C4:22:41:26,501,45.8,11,10,35.2,16,GMT+09:00,2022-07-19 20:04,37.5634899,127.0477338
24:0A:C4:22:41:26,496,45.8,11,10,35.2,15,GMT+09:00,2022-07-19 20:04,37.5634899,127.0477338
24:0A:C4:22:41:26,496,45.8,11,10,35.2,15,GMT+09:00,2022-07-19 20:04,37.5634899,127.0477338
24:0A:C4:22:41:26,501,45.8,11,10,35.2,16,GMT+09:00,2022-07-19 20:04,37.5634899,127.0477338
24:0A:C4:22:41:26,501,45.8,11,10,35.2,16,GMT+09:00,2022-07-19 20:04,37.5634899,127.0477338
24:0A:C4:22:41:26,501,45.8,11,11,35.2,16,GMT+09:00,2022-07-19 20:04,37.5634899,127.0477338
24:0A:C4:22:41:26,501,45.8,11,11,35.2,16,GMT+09:00,2022-07-19 20:04,37.5634899,127.0477338
24:0A:C4:22:41:26,501,45.8,12,11,35.2,16,GMT+09:00,2022-07-19 20:04,37.5634899,127.0477338
24:0A:C4:22:41:26,501,45.8,12,11,35.2,16,GMT+09:00,2022-07-19 20:04,37.5634899,127.0477338
24:0A:C4:22:41:26,501,45.8,11,11,35.2,16,GMT+09:00,2022-07-19 20:04,37.5634899,127.0477338
24:0A:C4:22:41:26,501,45.8,11,11,35.2,16,GMT+09:00,2022-07-19 20:04,37.5634899,127.0477338
24:0A:C4:22:41:26,501,45.8,11,11,35.2,16,GMT+09:00,2022-07-19 20:04,37.5634899,127.0477338
24:0A:C4:22:41:26,501,45.8,11,11,35.2,16,GMT+09:00,2022-07-19 20:04,37.5634899,127.0477338
24:0A:C4:22:41:26,506,45.8,11,11,35.2,17,GMT+09:00,2022-07-19 20:04,37.5634899,127.0477338
24:0A:C4:22:41:26,506,45.8,11,11,35.2,17,GMT+09:00,2022-07-19 20:04,37.5634899,127.0477338
24:0A:C4:22:41:26,501,45.8,11,11,35.2,16,GMT+09:00,2022-07-19 20:04,37.5634899,127.0477338
24:0A:C4:22:41:26,501,45.8,11,11,35.2,16,GMT+09:00,2022-07-19 20:04,37.5634899,127.0477338
24:0A:C4:22:41:26,501,45.8,11,11,35.2,16,GMT+09:00,2022-07-19 20:04,37.5634899,127.0477338
24:0A:C4:22:41:26,501,45.8,11,11,35.2,16,GMT+09:00,2022-07-19 20:04,37.5634899,127.0477338
24:0A:C4:22:41:26,501,45.8,12,11,35.2,16,GMT+09:00,2022-07-19 20:04,37.5634899,127.0477338
24:0A:C4:22:41:26,501,45.8,12,11,35.2,16,GMT+09:00,2022-07-19 20:04,37.5634899,127.0477338
24:0A:C4:22:41:26,501,45.8,12,11,35.2,16,GMT+09:00,2022-07-19 20:04,37.5634899,127.0477338
24:0A:C4:22:41:26,501,45.8,12,11,35.2,16,GMT+09:00,2022-07-19 20:04,37.5634899,127.0477338
24:0A:C4:22:41:26,501,45.8,12,11,35.2,16,GMT+09:00,2022-07-19 20:05,37.5634899,127.0477338
24:0A:C4:22:41:26,501,45.8,12,11,35.2,16,GMT+09:00,2022-07-19 20:05,37.5634899,127.0477338
24:0A:C4:22:41:26,501,45.8,11,11,35.2,16,GMT+09:00,2022-07-19 20:05,37.5634899,127.0477338
24:0A:C4:22:41:26,501,45.8,11,11,35.2,16,GMT+09:00,2022-07-19 20:05,37.5634899,127.0477338
24:0A:C4:22:41:26,501,45.8,11,10,35.2,16,GMT+09:00,2022-07-19 20:05,37.5634899,127.0477338
24:0A:C4:22:41:26,501,45.8,11,10,35.2,16,GMT+09:00,2022-07-19 20:05,37.5634899,127.0477338
24:0A:C4:22:41:26,501,45.8,12,11,35.2,16,GMT+09:00,2022-07-19 20:05,37.5634899,127.0477338
24:0A:C4:22:41:26,501,45.8,12,11,35.2,16,GMT+09:00,2022-07-19 20:05,37.5634899,127.0477338
24:0A:C4:22:41:26,506,45.8,11,10,35.2,17,GMT+09:00,2022-07-19 20:05,37.5634899,127.0477338
24:0A:C4:22:41:26,506,45.8,11,10,35.2,17,GMT+09:00,2022-07-19 20:05,37.5634899,127.0477338
24:0A:C4:22:41:26,501,45.8,11,11,35.2,16,GMT+09:00,2022-07-19 20:05,37.563495,127.0477237
24:0A:C4:22:41:26,501,45.8,11,11,35.2,16,GMT+09:00,2022-07-19 20:05,37.563495,127.0477237
24:0A:C4:22:41:26,506,45.8,11,11,35.2,17,GMT+09:00,2022-07-19 20:05,37.563495,127.0477237
24:0A:C4:22:41:26,506,45.8,11,11,35.2,17,GMT+09:00,2022-07-19 20:05,37.563495,127.0477237
24:0A:C4:22:41:26,501,45.8,11,11,35.2,16,GMT+09:00,2022-07-19 20:05,37.563495,127.0477237
24:0A:C4:22:41:26,501,45.8,11,11,35.2,16,GMT+09:00,2022-07-19 20:05,37.563495,127.0477237
24:0A:C4:22:41:26,506,45.8,11,11,35.2,17,GMT+09:00,2022-07-19 20:05,37.563495,127.0477237
24:0A:C4:22:41:26,506,45.8,11,11,35.2,17,GMT+09:00,2022-07-19 20:05,37.563495,127.0477237
24:0A:C4:22:41:26,506,45.8,11,11,35.2,17,GMT+09:00,2022-07-19 20:05,37.563495,127.0477237
24:0A:C4:22:41:26,506,45.8,11,11,35.2,17,GMT+09:00,2022-07-19 20:05,37.563495,127.0477237
24:0A:C4:22:41:26,506,45.8,11,11,35.2,17,GMT+09:00,2022-07-19 20:05,37.563495,127.0477237
24:0A:C4:22:41:26,506,45.8,11,11,35.2,17,GMT+09:00,2022-07-19 20:05,37.563495,127.0477237
24:0A:C4:22:41:26,506,45.8,11,11,35.2,17,GMT+09:00,2022-07-19 20:05,37.563495,127.0477237
24:0A:C4:22:41:26,506,45.8,11,11,35.2,17,GMT+09:00,2022-07-19 20:05,37.563495,127.0477237
24:0A:C4:22:41:26,506,45.8,11,10,35.2,17,GMT+09:00,2022-07-19 20:05,37.563495,127.0477237
24:0A:C4:22:41:26,506,45.8,11,10,35.2,17,GMT+09:00,2022-07-19 20:05,37.563495,127.0477237
24:0A:C4:22:41:26,506,45.8,11,10,35.2,17,GMT+09:00,2022-07-19 20:05,37.563495,127.0477237
24:0A:C4:22:41:26,506,45.8,11,10,35.2,17,GMT+09:00,2022-07-19 20:05,37.563495,127.0477237
24:0A:C4:22:41:26,506,45.8,10,10,35.2,17,GMT+09:00,2022-07-19 20:05,37.563495,127.0477237
24:0A:C4:22:41:26,506,45.8,10,10,35.2,17,GMT+09:00,2022-07-19 20:05,37.563495,127.0477237
24:0A:C4:22:41:26,506,45.8,10,10,35.3,17,GMT+09:00,2022-07-19 20:05,37.563495,127.0477237
24:0A:C4:22:41:26,506,45.8,10,10,35.3,17,GMT+09:00,2022-07-19 20:05,37.563495,127.0477237
24:0A:C4:22:41:26,501,45.9,11,10,35.3,16,GMT+09:00,2022-07-19 20:05,37.563495,127.0477237
24:0A:C4:22:41:26,501,45.9,11,10,35.3,16,GMT+09:00,2022-07-19 20:05,37.563495,127.0477237
24:0A:C4:22:41:26,506,45.8,11,10,35.2,17,GMT+09:00,2022-07-19 20:05,37.563495,127.0477237
24:0A:C4:22:41:26,506,45.9,11,10,35.2,17,GMT+09:00,2022-07-19 20:05,37.563495,127.0477237
24:0A:C4:22:41:26,506,45.8,11,10,35.2,17,GMT+09:00,2022-07-19 20:05,37.563495,127.0477237
24:0A:C4:22:41:26,506,45.9,11,10,35.2,17,GMT+09:00,2022-07-19 20:05,37.563495,127.0477237
24:0A:C4:22:41:26,506,45.8,11,10,35.2,17,GMT+09:00,2022-07-19 20:05,37.563495,127.0477237
24:0A:C4:22:41:26,506,45.8,11,10,35.2,17,GMT+09:00,2022-07-19 20:05,37.563495,127.0477237
24:0A:C4:22:41:26,506,45.8,10,10,35.3,17,GMT+09:00,2022-07-19 20:05,37.563495,127.0477237
24:0A:C4:22:41:26,506,45.8,11,10,35.3,17,GMT+09:00,2022-07-19 20:05,37.563495,127.0477237
24:0A:C4:22:41:26,515,45.8,11,10,35.2,18,GMT+09:00,2022-07-19 20:05,37.5634887,127.0477338
24:0A:C4:22:41:26,515,45.8,11,10,35.2,18,GMT+09:00,2022-07-19 20:05,37.5634887,127.0477338
24:0A:C4:22:41:26,515,45.8,11,10,35.2,18,GMT+09:00,2022-07-19 20:05,37.5634887,127.0477338
24:0A:C4:22:41:26,515,45.8,11,10,35.3,18,GMT+09:00,2022-07-19 20:05,37.5634887,127.0477338
24:0A:C4:22:41:26,515,45.8,11,10,35.3,18,GMT+09:00,2022-07-19 20:05,37.5634887,127.0477338
24:0A:C4:22:41:26,515,45.8,11,10,35.2,18,GMT+09:00,2022-07-19 20:05,37.5634887,127.0477338
24:0A:C4:22:41:26,506,45.8,12,11,35.3,17,GMT+09:00,2022-07-19 20:05,37.5634887,127.0477338
24:0A:C4:22:41:26,506,45.9,12,11,35.3,17,GMT+09:00,2022-07-19 20:05,37.5634887,127.0477338
24:0A:C4:22:41:26,515,45.8,11,11,35.3,18,GMT+09:00,2022-07-19 20:05,37.5634887,127.0477338
24:0A:C4:22:41:26,515,45.9,11,11,35.3,18,GMT+09:00,2022-07-19 20:05,37.5634887,127.0477338
24:0A:C4:22:41:26,515,45.8,12,11,35.3,18,GMT+09:00,2022-07-19 20:05,37.5634887,127.0477338
24:0A:C4:22:41:26,515,45.8,12,11,35.3,18,GMT+09:00,2022-07-19 20:05,37.5634887,127.0477338
24:0A:C4:22:41:26,515,45.8,11,10,35.3,18,GMT+09:00,2022-07-19 20:05,37.5634887,127.0477338
24:0A:C4:22:41:26,515,45.8,11,10,35.3,18,GMT+09:00,2022-07-19 20:05,37.5634887,127.0477338
24:0A:C4:22:41:26,518,45.9,11,10,35.3,18,GMT+09:00,2022-07-19 20:05,37.5634887,127.0477338
24:0A:C4:22:41:26,515,45.8,11,10,35.3,18,GMT+09:00,2022-07-19 20:05,37.5634887,127.0477338
24:0A:C4:22:41:26,515,45.8,11,10,35.3,18,GMT+09:00,2022-07-19 20:05,37.5634887,127.0477338
24:0A:C4:22:41:26,515,45.8,11,10,35.3,18,GMT+09:00,2022-07-19 20:05,37.5634887,127.0477338
24:0A:C4:22:41:26,515,45.8,11,10,35.3,18,GMT+09:00,2022-07-19 20:05,37.5634887,127.0477338
24:0A:C4:22:41:26,515,45.8,12,10,35.3,18,GMT+09:00,2022-07-19 20:05,37.5634887,127.0477338
24:0A:C4:22:41:26,515,45.8,12,10,35.3,18,GMT+09:00,2022-07-19 20:05,37.5634959,127.0477213
24:0A:C4:22:41:26,515,45.8,12,10,35.3,18,GMT+09:00,2022-07-19 20:05,37.5634959,127.0477213
24:0A:C4:22:41:26,515,45.9,12,10,35.3,18,GMT+09:00,2022-07-19 20:05,37.5634959,127.0477213
24:0A:C4:22:41:26,515,45.9,12,10,35.3,18,GMT+09:00,2022-07-19 20:05,37.5634959,127.0477213
24:0A:C4:22:41:26,518,45.8,12,10,35.3,18,GMT+09:00,2022-07-19 20:05,37.5634959,127.0477213
24:0A:C4:22:41:26,515,45.8,12,10,35.3,18,GMT+09:00,2022-07-19 20:05,37.5634959,127.0477213
24:0A:C4:22:41:26,518,45.9,12,10,35.3,18,GMT+09:00,2022-07-19 20:05,37.5634959,127.0477213
24:0A:C4:22:41:26,518,45.8,11,10,35.3,18,GMT+09:00,2022-07-19 20:05,37.5634959,127.0477213
24:0A:C4:22:41:26,515,45.8,11,10,35.3,18,GMT+09:00,2022-07-19 20:05,37.5634959,127.0477213
24:0A:C4:22:41:26,518,45.8,11,10,35.3,18,GMT+09:00,2022-07-19 20:05,37.5634959,127.0477213
24:0A:C4:22:41:26,524,45.8,11,10,35.3,19,GMT+09:00,2022-07-19 20:05,37.5634959,127.0477213
24:0A:C4:22:41:26,518,45.9,11,10,35.3,18,GMT+09:00,2022-07-19 20:05,37.5634959,127.0477213
24:0A:C4:22:41:26,518,45.8,11,10,35.3,18,GMT+09:00,2022-07-19 20:05,37.5634959,127.0477213
24:0A:C4:22:41:26,515,45.8,11,10,35.3,18,GMT+09:00,2022-07-19 20:05,37.5634959,127.0477213
24:0A:C4:22:41:26,518,45.8,11,10,35.3,18,GMT+09:00,2022-07-19 20:05,37.5634959,127.0477213
24:0A:C4:22:41:26,515,45.8,11,10,35.3,18,GMT+09:00,2022-07-19 20:06,37.5634959,127.0477213
24:0A:C4:22:41:26,508,45.8,11,10,35.3,17,GMT+09:00,2022-07-19 20:06,37.5634959,127.0477213
24:0A:C4:22:41:26,515,45.8,11,10,35.3,18,GMT+09:00,2022-07-19 20:06,37.5634959,127.0477213
24:0A:C4:22:41:26,515,45.8,11,10,35.4,18,GMT+09:00,2022-07-19 20:06,37.5634959,127.0477213
24:0A:C4:22:41:26,515,45.8,10,10,35.3,18,GMT+09:00,2022-07-19 20:06,37.5634959,127.0477213
24:0A:C4:22:41:26,508,45.8,10,10,35.3,17,GMT+09:00,2022-07-19 20:06,37.563495,127.0477264
24:0A:C4:22:41:26,508,45.8,10,10,35.4,17,GMT+09:00,2022-07-19 20:06,37.563495,127.0477264
24:0A:C4:22:41:26,520,45.8,10,10,35.4,19,GMT+09:00,2022-07-19 20:06,37.563495,127.0477264
24:0A:C4:22:41:26,515,45.9,10,9,35.3,18,GMT+09:00,2022-07-19 20:06,37.563495,127.0477264
24:0A:C4:22:41:26,515,45.8,10,9,35.3,18,GMT+09:00,2022-07-19 20:06,37.563495,127.0477264
24:0A:C4:22:41:26,508,45.8,10,9,35.4,17,GMT+09:00,2022-07-19 20:06,37.563495,127.0477264
24:0A:C4:22:41:26,515,45.8,10,9,35.4,18,GMT+09:00,2022-07-19 20:06,37.563495,127.0477264
24:0A:C4:22:41:26,520,45.8,10,9,35.4,19,GMT+09:00,2022-07-19 20:06,37.563495,127.0477264
24:0A:C4:22:41:26,520,45.8,9,9,35.4,19,GMT+09:00,2022-07-19 20:06,37.563495,127.0477264
24:0A:C4:22:41:26,520,45.8,9,9,35.3,19,GMT+09:00,2022-07-19 20:06,37.563495,127.0477264
24:0A:C4:22:41:26,520,45.8,9,9,35.4,19,GMT+09:00,2022-07-19 20:06,37.563495,127.0477264
24:0A:C4:22:41:26,520,45.9,9,9,35.4,19,GMT+09:00,2022-07-19 20:06,37.563495,127.0477264
24:0A:C4:22:41:26,520,45.8,9,9,35.4,19,GMT+09:00,2022-07-19 20:06,37.563495,127.0477264
24:0A:C4:22:41:26,520,45.8,9,9,35.4,19,GMT+09:00,2022-07-19 20:06,37.563495,127.0477264
24:0A:C4:22:41:26,515,45.8,9,9,35.4,18,GMT+09:00,2022-07-19 20:06,37.563495,127.0477264
24:0A:C4:22:41:26,520,45.8,9,9,35.4,19,GMT+09:00,2022-07-19 20:06,37.563495,127.0477264
24:0A:C4:22:41:26,520,45.8,9,9,35.4,19,GMT+09:00,2022-07-19 20:06,37.563495,127.0477264
24:0A:C4:22:41:26,520,45.8,9,9,35.4,19,GMT+09:00,2022-07-19 20:06,37.563495,127.0477264
24:0A:C4:22:41:26,520,45.9,9,9,35.4,19,GMT+09:00,2022-07-19 20:06,37.563495,127.0477264
24:0A:C4:22:41:26,520,45.8,9,9,35.4,19,GMT+09:00,2022-07-19 20:06,37.563495,127.0477264
24:0A:C4:22:41:26,527,45.8,8,8,35.4,20,GMT+09:00,2022-07-19 20:06,37.5634907,127.0477341
24:0A:C4:22:41:26,520,45.9,8,8,35.4,19,GMT+09:00,2022-07-19 20:06,37.5634907,127.0477341
24:0A:C4:22:41:26,520,45.8,9,9,35.4,19,GMT+09:00,2022-07-19 20:06,37.5634907,127.0477341
24:0A:C4:22:41:26,520,45.8,9,9,35.4,19,GMT+09:00,2022-07-19 20:06,37.5634907,127.0477341
24:0A:C4:22:41:26,520,45.8,9,9,35.4,19,GMT+09:00,2022-07-19 20:06,37.5634907,127.0477341
24:0A:C4:22:41:26,520,45.8,9,9,35.4,19,GMT+09:00,2022-07-19 20:06,37.5634907,127.0477341
24:0A:C4:22:41:26,520,45.8,9,9,35.4,19,GMT+09:00,2022-07-19 20:06,37.5634907,127.0477341
24:0A:C4:22:41:26,520,45.8,8,8,35.4,19,GMT+09:00,2022-07-19 20:06,37.5634907,127.0477341
24:0A:C4:22:41:26,527,45.8,8,8,35.4,20,GMT+09:00,2022-07-19 20:06,37.5634907,127.0477341
24:0A:C4:22:41:26,520,45.8,8,8,35.4,19,GMT+09:00,2022-07-19 20:06,37.5634907,127.0477341
24:0A:C4:22:41:26,520,45.8,8,8,35.4,19,GMT+09:00,2022-07-19 20:06,37.5634907,127.0477341
24:0A:C4:22:41:26,527,45.8,8,8,35.4,20,GMT+09:00,2022-07-19 20:06,37.5634907,127.0477341
24:0A:C4:22:41:26,520,45.8,8,8,35.4,19,GMT+09:00,2022-07-19 20:06,37.5634907,127.0477341
24:0A:C4:22:41:26,520,45.9,8,8,35.4,19,GMT+09:00,2022-07-19 20:06,37.5634907,127.0477341
24:0A:C4:22:41:26,527,45.8,8,8,35.4,20,GMT+09:00,2022-07-19 20:06,37.5634907,127.0477341
24:0A:C4:22:41:26,520,45.8,8,8,35.4,19,GMT+09:00,2022-07-19 20:06,37.5634907,127.0477341
24:0A:C4:22:41:26,520,45.8,8,8,35.4,19,GMT+09:00,2022-07-19 20:06,37.5634907,127.0477341
24:0A:C4:22:41:26,527,45.9,8,8,35.4,20,GMT+09:00,2022-07-19 20:06,37.5634907,127.0477341
24:0A:C4:22:41:26,527,45.8,8,8,35.4,20,GMT+09:00,2022-07-19 20:06,37.5634907,127.0477341
24:0A:C4:22:41:26,520,45.9,8,8,35.4,19,GMT+09:00,2022-07-19 20:06,37.5634907,127.0477341
24:0A:C4:22:41:26,527,45.9,8,8,35.4,20,GMT+09:00,2022-07-19 20:06,37.5634967,127.0477198
24:0A:C4:22:41:26,520,45.8,8,8,35.4,19,GMT+09:00,2022-07-19 20:06,37.5634967,127.0477198
24:0A:C4:22:41:26,520,45.9,8,8,35.4,19,GMT+09:00,2022-07-19 20:06,37.5634967,127.0477198
24:0A:C4:22:41:26,531,45.8,8,8,35.5,20,GMT+09:00,2022-07-19 20:06,37.5634967,127.0477198
24:0A:C4:22:41:26,520,45.8,8,8,35.4,19,GMT+09:00,2022-07-19 20:06,37.5634967,127.0477198
24:0A:C4:22:41:26,520,45.9,8,8,35.4,19,GMT+09:00,2022-07-19 20:06,37.5634967,127.0477198
24:0A:C4:22:41:26,520,45.8,8,8,35.4,19,GMT+09:00,2022-07-19 20:06,37.5634967,127.0477198
24:0A:C4:22:41:26,527,45.8,8,8,35.4,20,GMT+09:00,2022-07-19 20:06,37.5634967,127.0477198
24:0A:C4:22:41:26,527,45.9,8,8,35.4,20,GMT+09:00,2022-07-19 20:06,37.5634967,127.0477198
24:0A:C4:22:41:26,527,45.8,8,8,35.4,20,GMT+09:00,2022-07-19 20:06,37.5634967,127.0477198
24:0A:C4:22:41:26,527,45.8,8,8,35.5,20,GMT+09:00,2022-07-19 20:06,37.5634967,127.0477198
24:0A:C4:22:41:26,531,45.9,8,8,35.5,20,GMT+09:00,2022-07-19 20:06,37.5634967,127.0477198
24:0A:C4:22:41:26,527,45.8,8,8,35.5,20,GMT+09:00,2022-07-19 20:06,37.5634967,127.0477198
24:0A:C4:22:41:26,527,45.8,8,8,35.5,20,GMT+09:00,2022-07-19 20:06,37.5634967,127.0477198
24:0A:C4:22:41:26,527,45.8,8,8,35.4,20,GMT+09:00,2022-07-19 20:06,37.5634967,127.0477198
24:0A:C4:22:41:26,527,45.9,8,8,35.5,20,GMT+09:00,2022-07-19 20:07,37.5634967,127.0477198
24:0A:C4:22:41:26,537,45.9,8,8,35.4,21,GMT+09:00,2022-07-19 20:07,37.5634967,127.0477198
24:0A:C4:22:41:26,531,45.9,8,8,35.5,20,GMT+09:00,2022-07-19 20:07,37.5634967,127.0477198
24:0A:C4:22:41:26,527,45.9,8,8,35.5,20,GMT+09:00,2022-07-19 20:07,37.5634967,127.0477198
24:0A:C4:22:41:26,527,45.8,8,8,35.5,20,GMT+09:00,2022-07-19 20:07,37.5634967,127.0477198
24:0A:C4:22:41:26,527,45.8,8,8,35.5,20,GMT+09:00,2022-07-19 20:07,37.5634967,127.0477198
24:0A:C4:22:41:26,527,45.9,8,8,35.5,20,GMT+09:00,2022-07-19 20:07,37.5634949,127.0477263
24:0A:C4:22:41:26,527,45.9,8,8,35.5,20,GMT+09:00,2022-07-19 20:07,37.5634949,127.0477263
24:0A:C4:22:41:26,520,45.8,8,8,35.5,19,GMT+09:00,2022-07-19 20:07,37.5634949,127.0477263
24:0A:C4:22:41:26,527,45.8,8,8,35.5,20,GMT+09:00,2022-07-19 20:07,37.5634949,127.0477263
24:0A:C4:22:41:26,531,45.8,8,8,35.5,20,GMT+09:00,2022-07-19 20:07,37.5634949,127.0477263
24:0A:C4:22:41:26,531,45.8,8,8,35.5,20,GMT+09:00,2022-07-19 20:07,37.5634949,127.0477263
24:0A:C4:22:41:26,531,45.8,8,8,35.5,20,GMT+09:00,2022-07-19 20:07,37.5634949,127.0477263
24:0A:C4:22:41:26,542,45.8,8,8,35.5,22,GMT+09:00,2022-07-19 20:07,37.5634949,127.0477263
24:0A:C4:22:41:26,537,45.8,8,8,35.5,21,GMT+09:00,2022-07-19 20:07,37.5634949,127.0477263
24:0A:C4:22:41:26,537,45.8,8,8,35.5,21,GMT+09:00,2022-07-19 20:07,37.5634949,127.0477263
24:0A:C4:22:41:26,545,45.9,8,8,35.5,23,GMT+09:00,2022-07-19 20:07,37.5634949,127.0477263
24:0A:C4:22:41:26,527,45.9,8,8,35.5,20,GMT+09:00,2022-07-19 20:07,37.5634949,127.0477263
24:0A:C4:22:41:26,527,45.9,8,8,35.5,20,GMT+09:00,2022-07-19 20:07,37.5634949,127.0477263
24:0A:C4:22:41:26,542,45.9,8,8,35.5,22,GMT+09:00,2022-07-19 20:07,37.5634949,127.0477263
24:0A:C4:22:41:26,542,45.9,8,8,35.5,22,GMT+09:00,2022-07-19 20:07,37.5634949,127.0477263
24:0A:C4:22:41:26,542,45.8,8,8,35.5,22,GMT+09:00,2022-07-19 20:07,37.5634949,127.0477263
24:0A:C4:22:41:26,542,45.8,8,8,35.5,22,GMT+09:00,2022-07-19 20:07,37.5634949,127.0477263
24:0A:C4:22:41:26,531,45.9,8,8,35.5,20,GMT+09:00,2022-07-19 20:07,37.5634949,127.0477263
24:0A:C4:22:41:26,531,45.9,8,8,35.5,20,GMT+09:00,2022-07-19 20:07,37.5634949,127.0477263
24:0A:C4:22:41:26,537,45.8,8,8,35.5,21,GMT+09:00,2022-07-19 20:07,37.5634949,127.0477263
24:0A:C4:22:41:26,537,45.8,8,8,35.5,21,GMT+09:00,2022-07-19 20:07,37.5634949,127.0477263
24:0A:C4:22:41:26,553,45.8,8,8,35.5,24,GMT+09:00,2022-07-19 20:07,37.5634949,127.0477263
24:0A:C4:22:41:26,553,45.8,8,8,35.5,24,GMT+09:00,2022-07-19 20:07,37.5634949,127.0477263
24:0A:C4:22:41:26,531,45.8,9,9,35.5,20,GMT+09:00,2022-07-19 20:07,37.5634949,127.0477263
24:0A:C4:22:41:26,531,45.8,9,9,35.5,20,GMT+09:00,2022-07-19 20:07,37.5634949,127.0477263
24:0A:C4:22:41:26,531,45.8,9,9,35.5,20,GMT+09:00,2022-07-19 20:07,37.5634949,127.0477263
24:0A:C4:22:41:26,531,45.8,9,9,35.5,20,GMT+09:00,2022-07-19 20:07,37.5634949,127.0477263
24:0A:C4:22:41:26,531,45.8,9,9,35.5,20,GMT+09:00,2022-07-19 20:07,37.5634949,127.0477263
24:0A:C4:22:41:26,531,45.8,9,9,35.5,20,GMT+09:00,2022-07-19 20:07,37.5634949,127.0477263
24:0A:C4:22:41:26,531,45.8,9,9,35.5,20,GMT+09:00,2022-07-19 20:07,37.5634902,127.0477331
24:0A:C4:22:41:26,531,45.8,9,9,35.5,20,GMT+09:00,2022-07-19 20:07,37.5634902,127.0477331
24:0A:C4:22:41:26,531,45.8,9,9,35.5,20,GMT+09:00,2022-07-19 20:07,37.5634902,127.0477331
24:0A:C4:22:41:26,531,45.8,9,9,35.5,20,GMT+09:00,2022-07-19 20:07,37.5634902,127.0477331
24:0A:C4:22:41:26,531,45.8,9,9,35.5,20,GMT+09:00,2022-07-19 20:07,37.5634902,127.0477331
24:0A:C4:22:41:26,531,45.8,9,9,35.5,20,GMT+09:00,2022-07-19 20:07,37.5634902,127.0477331
24:0A:C4:22:41:26,531,45.9,9,9,35.5,20,GMT+09:00,2022-07-19 20:07,37.5634902,127.0477331
24:0A:C4:22:41:26,531,45.9,9,9,35.5,20,GMT+09:00,2022-07-19 20:07,37.5634902,127.0477331
24:0A:C4:22:41:26,531,45.8,9,9,35.5,20,GMT+09:00,2022-07-19 20:07,37.5634902,127.0477331
24:0A:C4:22:41:26,531,45.8,9,9,35.5,20,GMT+09:00,2022-07-19 20:07,37.5634902,127.0477331
24:0A:C4:22:41:26,531,45.9,9,9,35.5,20,GMT+09:00,2022-07-19 20:07,37.5634902,127.0477331
24:0A:C4:22:41:26,531,45.9,9,9,35.5,20,GMT+09:00,2022-07-19 20:07,37.5634902,127.0477331
24:0A:C4:22:41:26,537,45.8,9,9,35.5,21,GMT+09:00,2022-07-19 20:07,37.5634902,127.0477331
24:0A:C4:22:41:26,537,45.8,9,9,35.5,21,GMT+09:00,2022-07-19 20:07,37.5634902,127.0477331
24:0A:C4:22:41:26,531,45.8,9,9,35.5,20,GMT+09:00,2022-07-19 20:07,37.5634902,127.0477331
24:0A:C4:22:41:26,531,45.8,9,9,35.5,20,GMT+09:00,2022-07-19 20:07,37.5634902,127.0477331
24:0A:C4:22:41:26,531,45.9,9,9,35.5,20,GMT+09:00,2022-07-19 20:07,37.5634902,127.0477331
24:0A:C4:22:41:26,531,45.9,9,9,35.5,20,GMT+09:00,2022-07-19 20:07,37.5634902,127.0477331
24:0A:C4:22:41:26,537,45.9,9,9,35.6,21,GMT+09:00,2022-07-19 20:07,37.5634902,127.0477331
24:0A:C4:22:41:26,537,45.9,9,9,35.6,21,GMT+09:00,2022-07-19 20:07,37.5634902,127.0477331
24:0A:C4:22:41:26,537,45.9,9,9,35.5,21,GMT+09:00,2022-07-19 20:07,37.5634902,127.0477331
24:0A:C4:22:41:26,537,45.9,9,9,35.5,21,GMT+09:00,2022-07-19 20:07,37.5634902,127.0477331
24:0A:C4:22:41:26,542,45.8,9,9,35.6,22,GMT+09:00,2022-07-19 20:07,37.5634902,127.0477331
24:0A:C4:22:41:26,542,45.8,9,9,35.6,22,GMT+09:00,2022-07-19 20:07,37.5634902,127.0477331
24:0A:C4:22:41:26,542,45.8,9,9,35.6,22,GMT+09:00,2022-07-19 20:07,37.5634902,127.0477331
24:0A:C4:22:41:26,542,45.8,9,9,35.6,22,GMT+09:00,2022-07-19 20:07,37.5634902,127.0477331
24:0A:C4:22:41:26,542,45.8,9,9,35.6,22,GMT+09:00,2022-07-19 20:07,37.5634902,127.0477331
24:0A:C4:22:41:26,542,45.8,9,9,35.6,22,GMT+09:00,2022-07-19 20:07,37.5634902,127.0477331
24:0A:C4:22:41:26,542,45.9,9,9,35.6,22,GMT+09:00,2022-07-19 20:07,37.5634902,127.0477331
24:0A:C4:22:41:26,542,45.9,9,9,35.6,22,GMT+09:00,2022-07-19 20:07,37.5634902,127.0477331
24:0A:C4:22:41:26,545,45.8,9,9,35.6,23,GMT+09:00,2022-07-19 20:07,37.5634902,127.0477331
24:0A:C4:22:41:26,545,45.8,9,9,35.6,23,GMT+09:00,2022-07-19 20:07,37.5634902,127.0477331
24:0A:C4:22:41:26,545,45.9,9,9,35.6,23,GMT+09:00,2022-07-19 20:07,37.5634902,127.0477331
24:0A:C4:22:41:26,545,45.9,9,9,35.6,23,GMT+09:00,2022-07-19 20:07,37.5634902,127.0477331
24:0A:C4:22:41:26,545,45.9,9,9,35.6,23,GMT+09:00,2022-07-19 20:07,37.5634902,127.0477331
24:0A:C4:22:41:26,545,45.9,9,9,35.6,23,GMT+09:00,2022-07-19 20:07,37.5634902,127.0477331
24:0A:C4:22:41:26,542,45.9,8,8,35.6,22,GMT+09:00,2022-07-19 20:07,37.5634902,127.0477331
24:0A:C4:22:41:26,542,45.9,8,8,35.6,22,GMT+09:00,2022-07-19 20:07,37.5634902,127.0477331
24:0A:C4:22:41:26,542,45.9,8,8,35.5,22,GMT+09:00,2022-07-19 20:07,37.5634902,127.0477331
24:0A:C4:22:41:26,542,45.9,8,8,35.5,22,GMT+09:00,2022-07-19 20:07,37.5634902,127.0477331
24:0A:C4:22:41:26,553,45.8,8,8,35.6,24,GMT+09:00,2022-07-19 20:07,37.5634964,127.0477207
24:0A:C4:22:41:26,553,45.8,8,8,35.6,24,GMT+09:00,2022-07-19 20:07,37.5634964,127.0477207
24:0A:C4:22:41:26,553,45.9,8,8,35.6,24,GMT+09:00,2022-07-19 20:07,37.5634964,127.0477207
24:0A:C4:22:41:26,553,45.9,8,8,35.6,24,GMT+09:00,2022-07-19 20:07,37.5634964,127.0477207
24:0A:C4:22:41:26,545,45.9,8,8,35.6,23,GMT+09:00,2022-07-19 20:07,37.5634964,127.0477207
24:0A:C4:22:41:26,545,45.9,8,8,35.6,23,GMT+09:00,2022-07-19 20:07,37.5634964,127.0477207
24:0A:C4:22:41:26,553,45.9,8,8,35.6,24,GMT+09:00,2022-07-19 20:07,37.5634964,127.0477207
24:0A:C4:22:41:26,553,45.9,8,8,35.6,24,GMT+09:00,2022-07-19 20:07,37.5634964,127.0477207
24:0A:C4:22:41:26,553,45.9,8,8,35.6,24,GMT+09:00,2022-07-19 20:07,37.5634964,127.0477207
24:0A:C4:22:41:26,553,45.9,8,8,35.6,24,GMT+09:00,2022-07-19 20:07,37.5634964,127.0477207
24:0A:C4:22:41:26,553,45.9,8,8,35.6,24,GMT+09:00,2022-07-19 20:07,37.5634964,127.0477207
24:0A:C4:22:41:26,553,45.9,8,8,35.6,24,GMT+09:00,2022-07-19 20:07,37.5634964,127.0477207
24:0A:C4:22:41:26,556,45.9,8,8,35.6,24,GMT+09:00,2022-07-19 20:07,37.5634964,127.0477207
24:0A:C4:22:41:26,556,45.9,8,8,35.6,24,GMT+09:00,2022-07-19 20:07,37.5634964,127.0477207
24:0A:C4:22:41:26,553,45.9,8,8,35.6,24,GMT+09:00,2022-07-19 20:07,37.5634964,127.0477207
24:0A:C4:22:41:26,553,45.9,8,8,35.6,24,GMT+09:00,2022-07-19 20:07,37.5634964,127.0477207
24:0A:C4:22:41:26,556,45.9,8,8,35.6,24,GMT+09:00,2022-07-19 20:07,37.5634964,127.0477207
24:0A:C4:22:41:26,556,45.9,8,8,35.6,24,GMT+09:00,2022-07-19 20:07,37.5634964,127.0477207
24:0A:C4:22:41:26,556,45.9,8,8,35.6,24,GMT+09:00,2022-07-19 20:07,37.5634964,127.0477207
24:0A:C4:22:41:26,556,45.9,8,8,35.6,24,GMT+09:00,2022-07-19 20:07,37.5634964,127.0477207
24:0A:C4:22:41:26,556,45.9,8,8,35.6,24,GMT+09:00,2022-07-19 20:07,37.5634964,127.0477207
24:0A:C4:22:41:26,556,45.9,8,8,35.6,24,GMT+09:00,2022-07-19 20:07,37.5634964,127.0477207
24:0A:C4:22:41:26,553,45.9,9,8,35.6,24,GMT+09:00,2022-07-19 20:07,37.5634964,127.0477207
24:0A:C4:22:41:26,553,45.9,9,8,35.6,24,GMT+09:00,2022-07-19 20:07,37.5634964,127.0477207
24:0A:C4:22:41:26,565,45.9,9,8,35.6,26,GMT+09:00,2022-07-19 20:07,37.5634964,127.0477207
24:0A:C4:22:41:26,565,45.9,9,8,35.6,26,GMT+09:00,2022-07-19 20:07,37.5634964,127.0477207
24:0A:C4:22:41:26,556,45.8,9,8,35.6,24,GMT+09:00,2022-07-19 20:07,37.5634964,127.0477207
24:0A:C4:22:41:26,556,45.8,9,8,35.6,24,GMT+09:00,2022-07-19 20:07,37.5634964,127.0477207
24:0A:C4:22:41:26,565,45.9,9,8,35.6,26,GMT+09:00,2022-07-19 20:08,37.5634964,127.0477207
24:0A:C4:22:41:26,565,45.9,9,8,35.6,26,GMT+09:00,2022-07-19 20:08,37.5634964,127.0477207
24:0A:C4:22:41:26,565,45.9,9,8,35.6,26,GMT+09:00,2022-07-19 20:08,37.5634964,127.0477207
24:0A:C4:22:41:26,565,45.9,9,8,35.6,26,GMT+09:00,2022-07-19 20:08,37.5634964,127.0477207
24:0A:C4:22:41:26,565,45.9,9,8,35.6,26,GMT+09:00,2022-07-19 20:08,37.5634964,127.0477207
24:0A:C4:22:41:26,565,45.9,9,8,35.6,26,GMT+09:00,2022-07-19 20:08,37.5634964,127.0477207
24:0A:C4:22:41:26,565,45.9,9,8,35.6,26,GMT+09:00,2022-07-19 20:08,37.5634964,127.0477207
24:0A:C4:22:41:26,565,45.9,9,8,35.6,26,GMT+09:00,2022-07-19 20:08,37.5634964,127.0477207
24:0A:C4:22:41:26,569,45.9,9,8,35.6,26,GMT+09:00,2022-07-19 20:08,37.5634964,127.0477207
24:0A:C4:22:41:26,569,45.9,9,8,35.6,26,GMT+09:00,2022-07-19 20:08,37.5634964,127.0477207
24:0A:C4:22:41:26,577,45.9,9,8,35.6,27,GMT+09:00,2022-07-19 20:08,37.5634964,127.0477207
24:0A:C4:22:41:26,577,45.9,9,8,35.6,27,GMT+09:00,2022-07-19 20:08,37.5634964,127.0477207
24:0A:C4:22:41:26,569,45.9,9,8,35.6,26,GMT+09:00,2022-07-19 20:08,37.5634899,127.0477338
24:0A:C4:22:41:26,569,45.9,9,8,35.6,26,GMT+09:00,2022-07-19 20:08,37.5634899,127.0477338
24:0A:C4:22:41:26,569,45.9,9,8,35.6,26,GMT+09:00,2022-07-19 20:08,37.5634899,127.0477338
24:0A:C4:22:41:26,569,45.9,9,8,35.6,26,GMT+09:00,2022-07-19 20:08,37.5634899,127.0477338
24:0A:C4:22:41:26,577,45.9,9,8,35.6,27,GMT+09:00,2022-07-19 20:08,37.5634899,127.0477338
24:0A:C4:22:41:26,577,45.9,9,8,35.6,27,GMT+09:00,2022-07-19 20:08,37.5634899,127.0477338
24:0A:C4:22:41:26,569,45.9,9,8,35.6,26,GMT+09:00,2022-07-19 20:08,37.5634899,127.0477338
24:0A:C4:22:41:26,569,45.9,9,8,35.6,26,GMT+09:00,2022-07-19 20:08,37.5634899,127.0477338
24:0A:C4:22:41:26,577,45.9,9,8,35.6,27,GMT+09:00,2022-07-19 20:08,37.5634899,127.0477338
24:0A:C4:22:41:26,577,45.9,9,8,35.6,27,GMT+09:00,2022-07-19 20:08,37.5634899,127.0477338
24:0A:C4:22:41:26,581,45.9,9,8,35.6,28,GMT+09:00,2022-07-19 20:08,37.5634899,127.0477338
24:0A:C4:22:41:26,581,45.9,9,8,35.6,28,GMT+09:00,2022-07-19 20:08,37.5634899,127.0477338
24:0A:C4:22:41:26,577,45.9,9,8,35.6,27,GMT+09:00,2022-07-19 20:08,37.5634899,127.0477338
24:0A:C4:22:41:26,577,45.9,9,8,35.6,27,GMT+09:00,2022-07-19 20:08,37.5634899,127.0477338
24:0A:C4:22:41:26,577,45.9,8,8,35.6,27,GMT+09:00,2022-07-19 20:08,37.5634899,127.0477338
24:0A:C4:22:41:26,577,45.9,8,8,35.6,27,GMT+09:00,2022-07-19 20:08,37.5634899,127.0477338
24:0A:C4:22:41:26,581,45.9,8,8,35.6,28,GMT+09:00,2022-07-19 20:08,37.5634899,127.0477338
24:0A:C4:22:41:26,581,45.9,8,8,35.6,28,GMT+09:00,2022-07-19 20:08,37.5634899,127.0477338
24:0A:C4:22:41:26,581,45.9,8,8,35.6,28,GMT+09:00,2022-07-19 20:08,37.5634899,127.0477338
24:0A:C4:22:41:26,581,45.9,8,8,35.6,28,GMT+09:00,2022-07-19 20:08,37.5634899,127.0477338
24:0A:C4:22:41:26,589,45.9,8,8,35.6,29,GMT+09:00,2022-07-19 20:08,37.5634899,127.0477338
24:0A:C4:22:41:26,589,45.9,8,8,35.6,29,GMT+09:00,2022-07-19 20:08,37.5634899,127.0477338
24:0A:C4:22:41:26,589,45.9,8,8,35.7,29,GMT+09:00,2022-07-19 20:08,37.5634899,127.0477338
24:0A:C4:22:41:26,581,45.9,8,8,35.7,28,GMT+09:00,2022-07-19 20:08,37.5634899,127.0477338
24:0A:C4:22:41:26,589,45.9,8,8,35.6,29,GMT+09:00,2022-07-19 20:08,37.5634899,127.0477338
24:0A:C4:22:41:26,589,45.9,8,8,35.6,29,GMT+09:00,2022-07-19 20:08,37.5634899,127.0477338
24:0A:C4:22:41:26,589,45.9,8,8,35.7,29,GMT+09:00,2022-07-19 20:08,37.5634899,127.0477338
24:0A:C4:22:41:26,589,45.9,8,8,35.7,29,GMT+09:00,2022-07-19 20:08,37.5634899,127.0477338
24:0A:C4:22:41:26,589,45.8,8,8,35.7,29,GMT+09:00,2022-07-19 20:08,37.5634899,127.0477338
24:0A:C4:22:41:26,589,45.9,8,8,35.7,29,GMT+09:00,2022-07-19 20:08,37.5634899,127.0477338
24:0A:C4:22:41:26,602,45.8,8,8,35.7,31,GMT+09:00,2022-07-19 20:08,37.5634899,127.0477338
24:0A:C4:22:41:26,594,45.9,8,8,35.7,30,GMT+09:00,2022-07-19 20:08,37.5634954,127.0477221
24:0A:C4:22:41:26,594,45.8,8,8,35.7,30,GMT+09:00,2022-07-19 20:08,37.5634954,127.0477221
24:0A:C4:22:41:26,594,45.8,8,8,35.7,30,GMT+09:00,2022-07-19 20:08,37.5634954,127.0477221
24:0A:C4:22:41:26,594,45.8,8,8,35.7,30,GMT+09:00,2022-07-19 20:08,37.5634954,127.0477221
24:0A:C4:22:41:26,602,45.9,8,8,35.7,31,GMT+09:00,2022-07-19 20:08,37.5634954,127.0477221
24:0A:C4:22:41:26,594,45.9,8,8,35.7,30,GMT+09:00,2022-07-19 20:08,37.5634954,127.0477221
24:0A:C4:22:41:26,602,45.9,8,8,35.7,31,GMT+09:00,2022-07-19 20:08,37.5634954,127.0477221
24:0A:C4:22:41:26,602,45.9,8,8,35.7,31,GMT+09:00,2022-07-19 20:08,37.5634954,127.0477221
24:0A:C4:22:41:26,594,45.9,8,8,35.7,30,GMT+09:00,2022-07-19 20:08,37.5634954,127.0477221
24:0A:C4:22:41:26,607,45.8,8,8,35.7,32,GMT+09:00,2022-07-19 20:08,37.5634954,127.0477221
24:0A:C4:22:41:26,602,45.8,8,8,35.7,31,GMT+09:00,2022-07-19 20:08,37.5634954,127.0477221
24:0A:C4:22:41:26,602,45.9,8,8,35.7,31,GMT+09:00,2022-07-19 20:08,37.5634954,127.0477221
24:0A:C4:22:41:26,607,45.9,8,8,35.7,32,GMT+09:00,2022-07-19 20:08,37.5634954,127.0477221
24:0A:C4:22:41:26,602,45.8,8,8,35.7,31,GMT+09:00,2022-07-19 20:08,37.5634954,127.0477221
24:0A:C4:22:41:26,602,45.8,8,8,35.7,31,GMT+09:00,2022-07-19 20:08,37.5634954,127.0477221
24:0A:C4:22:41:26,602,45.8,8,8,35.7,31,GMT+09:00,2022-07-19 20:08,37.5634954,127.0477221
24:0A:C4:22:41:26,607,45.8,8,8,35.7,32,GMT+09:00,2022-07-19 20:08,37.5634954,127.0477221
24:0A:C4:22:41:26,607,45.9,8,8,35.7,32,GMT+09:00,2022-07-19 20:08,37.5634954,127.0477221
24:0A:C4:22:41:26,602,45.9,8,8,35.7,31,GMT+09:00,2022-07-19 20:08,37.5634954,127.0477221
24:0A:C4:22:41:26,607,45.9,8,8,35.7,32,GMT+09:00,2022-07-19 20:08,37.5634954,127.0477221
24:0A:C4:22:41:26,615,45.9,8,8,35.7,33,GMT+09:00,2022-07-19 20:08,37.5634896,127.0477321
24:0A:C4:22:41:26,607,45.9,8,8,35.7,32,GMT+09:00,2022-07-19 20:08,37.5634896,127.0477321
24:0A:C4:22:41:26,607,45.9,8,8,35.7,32,GMT+09:00,2022-07-19 20:08,37.5634896,127.0477321
24:0A:C4:22:41:26,607,45.8,8,8,35.7,32,GMT+09:00,2022-07-19 20:08,37.5634896,127.0477321
24:0A:C4:22:41:26,615,45.9,8,8,35.7,33,GMT+09:00,2022-07-19 20:08,37.5634896,127.0477321
24:0A:C4:22:41:26,607,45.9,8,8,35.8,32,GMT+09:00,2022-07-19 20:08,37.5634896,127.0477321
24:0A:C4:22:41:26,615,45.9,8,8,35.8,33,GMT+09:00,2022-07-19 20:08,37.5634896,127.0477321
24:0A:C4:22:41:26,607,45.9,8,8,35.7,32,GMT+09:00,2022-07-19 20:08,37.5634896,127.0477321
24:0A:C4:22:41:26,615,45.8,8,8,35.8,33,GMT+09:00,2022-07-19 20:08,37.5634896,127.0477321
24:0A:C4:22:41:26,607,45.9,8,8,35.8,32,GMT+09:00,2022-07-19 20:08,37.5634896,127.0477321
24:0A:C4:22:41:26,615,45.9,8,8,35.7,33,GMT+09:00,2022-07-19 20:08,37.5634896,127.0477321
24:0A:C4:22:41:26,607,45.9,8,8,35.8,32,GMT+09:00,2022-07-19 20:08,37.5634896,127.0477321
24:0A:C4:22:41:26,615,45.9,8,8,35.8,33,GMT+09:00,2022-07-19 20:08,37.5634896,127.0477321
24:0A:C4:22:41:26,615,45.8,8,8,35.8,33,GMT+09:00,2022-07-19 20:08,37.5634896,127.0477321
24:0A:C4:22:41:26,615,45.9,8,8,35.8,33,GMT+09:00,2022-07-19 20:09,37.5634896,127.0477321
24:0A:C4:22:41:26,618,45.9,8,8,35.8,34,GMT+09:00,2022-07-19 20:09,37.5634896,127.0477321
24:0A:C4:22:41:26,615,45.9,8,8,35.8,33,GMT+09:00,2022-07-19 20:09,37.5634896,127.0477321
24:0A:C4:22:41:26,618,45.9,8,8,35.8,34,GMT+09:00,2022-07-19 20:09,37.5634896,127.0477321
24:0A:C4:22:41:26,618,45.9,8,8,35.8,34,GMT+09:00,2022-07-19 20:09,37.5634896,127.0477321
24:0A:C4:22:41:26,618,45.9,8,8,35.8,34,GMT+09:00,2022-07-19 20:09,37.5634896,127.0477321
24:0A:C4:22:41:26,618,45.9,8,8,35.8,34,GMT+09:00,2022-07-19 20:09,37.5634921,127.0477294
24:0A:C4:22:41:26,626,45.9,8,8,35.8,35,GMT+09:00,2022-07-19 20:09,37.5634921,127.0477294
24:0A:C4:22:41:26,626,45.9,8,8,35.8,35,GMT+09:00,2022-07-19 20:09,37.5634921,127.0477294
24:0A:C4:22:41:26,618,45.8,8,8,35.8,34,GMT+09:00,2022-07-19 20:09,37.5634921,127.0477294
24:0A:C4:22:41:26,618,45.8,8,8,35.8,34,GMT+09:00,2022-07-19 20:09,37.5634921,127.0477294
24:0A:C4:22:41:26,618,45.9,7,7,35.8,34,GMT+09:00,2022-07-19 20:09,37.5634921,127.0477294
24:0A:C4:22:41:26,618,45.9,7,7,35.8,34,GMT+09:00,2022-07-19 20:09,37.5634921,127.0477294
24:0A:C4:22:41:26,626,45.9,7,7,35.8,35,GMT+09:00,2022-07-19 20:09,37.5634921,127.0477294
24:0A:C4:22:41:26,631,45.9,8,7,35.8,36,GMT+09:00,2022-07-19 20:09,37.5634921,127.0477294
24:0A:C4:22:41:26,626,45.9,8,7,35.8,35,GMT+09:00,2022-07-19 20:09,37.5634921,127.0477294
24:0A:C4:22:41:26,626,45.8,8,7,35.8,35,GMT+09:00,2022-07-19 20:09,37.5634921,127.0477294
24:0A:C4:22:41:26,631,45.9,8,7,35.8,36,GMT+09:00,2022-07-19 20:09,37.5634921,127.0477294
24:0A:C4:22:41:26,618,45.9,8,7,35.8,34,GMT+09:00,2022-07-19 20:09,37.5634921,127.0477294
24:0A:C4:22:41:26,626,45.9,8,7,35.8,35,GMT+09:00,2022-07-19 20:09,37.5634921,127.0477294
24:0A:C4:22:41:26,626,45.9,8,7,35.8,35,GMT+09:00,2022-07-19 20:09,37.5634921,127.0477294
24:0A:C4:22:41:26,626,45.9,8,7,35.8,35,GMT+09:00,2022-07-19 20:09,37.5634921,127.0477294
24:0A:C4:22:41:26,626,45.9,8,7,35.8,35,GMT+09:00,2022-07-19 20:09,37.5634921,127.0477294
24:0A:C4:22:41:26,626,45.9,8,7,35.8,35,GMT+09:00,2022-07-19 20:09,37.5634921,127.0477294
24:0A:C4:22:41:26,626,45.9,8,7,35.8,35,GMT+09:00,2022-07-19 20:09,37.5634921,127.0477294
24:0A:C4:22:41:26,631,45.9,8,7,35.8,36,GMT+09:00,2022-07-19 20:09,37.5634921,127.0477294
24:0A:C4:22:41:26,631,45.8,8,7,35.8,36,GMT+09:00,2022-07-19 20:09,37.5634901,127.0477353
24:0A:C4:22:41:26,638,45.8,8,7,35.8,37,GMT+09:00,2022-07-19 20:09,37.5634901,127.0477353
24:0A:C4:22:41:26,631,45.9,8,7,35.8,36,GMT+09:00,2022-07-19 20:09,37.5634901,127.0477353
24:0A:C4:22:41:26,626,45.9,8,7,35.8,35,GMT+09:00,2022-07-19 20:09,37.5634901,127.0477353
24:0A:C4:22:41:26,631,45.9,8,7,35.8,36,GMT+09:00,2022-07-19 20:09,37.5634901,127.0477353
24:0A:C4:22:41:26,626,45.8,8,7,35.8,35,GMT+09:00,2022-07-19 20:09,37.5634901,127.0477353
24:0A:C4:22:41:26,638,45.9,8,7,35.8,37,GMT+09:00,2022-07-19 20:09,37.5634901,127.0477353
24:0A:C4:22:41:26,631,45.9,8,7,35.9,36,GMT+09:00,2022-07-19 20:09,37.5634901,127.0477353
24:0A:C4:22:41:26,631,45.8,8,7,35.9,36,GMT+09:00,2022-07-19 20:09,37.5634901,127.0477353
24:0A:C4:22:41:26,631,45.8,7,7,35.8,36,GMT+09:00,2022-07-19 20:09,37.5634901,127.0477353
24:0A:C4:22:41:26,631,45.8,7,7,35.9,36,GMT+09:00,2022-07-19 20:09,37.5634901,127.0477353
24:0A:C4:22:41:26,638,45.9,8,7,35.8,37,GMT+09:00,2022-07-19 20:09,37.5634901,127.0477353
24:0A:C4:22:41:26,638,45.9,8,7,35.8,37,GMT+09:00,2022-07-19 20:09,37.5634901,127.0477353
24:0A:C4:22:41:26,638,45.8,8,7,35.8,37,GMT+09:00,2022-07-19 20:09,37.5634901,127.0477353
24:0A:C4:22:41:26,643,45.8,8,7,35.8,38,GMT+09:00,2022-07-19 20:09,37.5634901,127.0477353
24:0A:C4:22:41:26,631,45.8,8,7,35.9,36,GMT+09:00,2022-07-19 20:09,37.5634901,127.0477353
24:0A:C4:22:41:26,638,45.9,8,7,35.9,37,GMT+09:00,2022-07-19 20:09,37.5634901,127.0477353
24:0A:C4:22:41:26,638,45.9,8,7,35.9,37,GMT+09:00,2022-07-19 20:09,37.5634901,127.0477353
24:0A:C4:22:41:26,638,45.9,8,7,35.9,37,GMT+09:00,2022-07-19 20:09,37.5634901,127.0477353
24:0A:C4:22:41:26,643,45.8,8,7,35.9,38,GMT+09:00,2022-07-19 20:09,37.5634901,127.0477353
24:0A:C4:22:41:26,638,45.9,8,7,35.9,37,GMT+09:00,2022-07-19 20:09,37.5634901,127.0477353
24:0A:C4:22:41:26,638,45.9,8,7,35.9,37,GMT+09:00,2022-07-19 20:09,37.5634901,127.0477353
24:0A:C4:22:41:26,643,45.9,8,7,35.9,38,GMT+09:00,2022-07-19 20:09,37.5635261,127.0476411
24:0A:C4:22:41:26,638,45.9,7,7,35.9,37,GMT+09:00,2022-07-19 20:09,37.5635261,127.0476411
24:0A:C4:22:41:26,643,45.9,7,7,35.9,38,GMT+09:00,2022-07-19 20:09,37.5635261,127.0476411
24:0A:C4:22:41:26,643,46.2,7,7,35.9,38,GMT+09:00,2022-07-19 20:09,37.5635261,127.0476411
