SerialNum, Co2, Humid, Pm10, Pm5, Temp, Vocs, timeZone, ReportTime, Lat, Long
24:0A:C4:22:41:26,410,45.6,14,13,34.8,2,GMT+09:00,20220719200000 ,37.5621649,127.0493929
24:0A:C4:22:41:26,406,45.6,13,13,34.8,1,GMT+09:00,20220719200001 ,37.5621649,127.0493929
24:0A:C4:22:41:26,414,45.6,13,13,34.8,3,GMT+09:00,20220719200002 ,37.5621649,127.0493929
24:0A:C4:22:41:26,406,45.6,13,13,34.8,1,GMT+09:00,20220719200003 ,37.5621649,127.0493929
24:0A:C4:22:41:26,410,45.6,14,14,34.8,2,GMT+09:00,20220719200004 ,37.5621649,127.0493929
24:0A:C4:22:41:26,410,45.6,13,13,34.8,2,GMT+09:00,20220719200005 ,37.5630693,127.0489497
24:0A:C4:22:41:26,410,45.6,13,13,34.8,2,GMT+09:00,20220719200006 ,37.5630693,127.0489497
24:0A:C4:22:41:26,410,45.6,13,13,34.8,2,GMT+09:00,20220719200007 ,37.5630693,127.0489497
24:0A:C4:22:41:26,406,45.6,13,13,34.8,1,GMT+09:00,20220719200008 ,37.5630693,127.0489497
24:0A:C4:22:41:26,414,45.6,14,14,34.8,3,GMT+09:00,20220719200009 ,37.5630693,127.0489497
24:0A:C4:22:41:26,410,45.5,14,14,34.8,2,GMT+09:00,20220719200010 ,37.5630693,127.0489497
24:0A:C4:22:41:26,410,45.6,14,14,34.8,2,GMT+09:00,20220719200011 ,37.5630693,127.0489497
24:0A:C4:22:41:26,410,45.6,14,14,34.8,2,GMT+09:00,20220719200012 ,37.5630693,127.0489497
24:0A:C4:22:41:26,414,45.6,14,14,34.8,3,GMT+09:00,20220719200013 ,37.5630693,127.0489497
24:0A:C4:22:41:26,410,45.6,14,14,34.8,2,GMT+09:00,20220719200014 ,37.5630693,127.0489497
24:0A:C4:22:41:26,414,45.6,15,15,34.8,3,GMT+09:00,20220719200015 ,37.5634252,127.0489282
24:0A:C4:22:41:26,410,45.6,15,15,34.8,2,GMT+09:00,20220719200016 ,37.5634252,127.0489282
24:0A:C4:22:41:26,414,45.5,15,15,34.8,3,GMT+09:00,20220719200017 ,37.5634252,127.0489282
24:0A:C4:22:41:26,414,45.6,15,15,34.8,3,GMT+09:00,20220719200018 ,37.5634252,127.0489282
24:0A:C4:22:41:26,410,45.6,15,15,34.8,2,GMT+09:00,20220719200019 ,37.5634252,127.0489282
24:0A:C4:22:41:26,414,45.6,15,15,34.8,3,GMT+09:00,20220719200020 ,37.5634252,127.0489282
24:0A:C4:22:41:26,414,45.5,15,15,34.8,3,GMT+09:00,20220719200021 ,37.5634252,127.0489282
24:0A:C4:22:41:26,414,45.6,15,15,34.9,3,GMT+09:00,20220719200022 ,37.5634252,127.0489282
24:0A:C4:22:41:26,410,45.6,16,16,34.8,2,GMT+09:00,20220719200023 ,37.5634252,127.0489282
24:0A:C4:22:41:26,406,45.5,16,16,34.8,1,GMT+09:00,20220719200024 ,37.5634252,127.0489282
24:0A:C4:22:41:26,414,45.6,16,16,34.8,3,GMT+09:00,20220719200025 ,37.5634252,127.0489282
24:0A:C4:22:41:26,410,45.6,17,17,34.8,2,GMT+09:00,20220719200026 ,37.5634252,127.0489282
24:0A:C4:22:41:26,410,45.6,17,16,34.8,2,GMT+09:00,20220719200027 ,37.5634252,127.0489282
24:0A:C4:22:41:26,414,45.6,17,17,34.8,3,GMT+09:00,20220719200028 ,37.5634252,127.0489282
24:0A:C4:22:41:26,406,45.6,17,16,34.8,1,GMT+09:00,20220719200029 ,37.5634252,127.0489282
24:0A:C4:22:41:26,410,45.6,17,16,34.8,2,GMT+09:00,20220719200030 ,37.5634252,127.0489282
24:0A:C4:22:41:26,414,45.6,17,16,34.8,3,GMT+09:00,20220719200031 ,37.5634252,127.0489282
24:0A:C4:22:41:26,406,45.5,17,16,34.8,1,GMT+09:00,20220719200032 ,37.5634252,127.0489282
24:0A:C4:22:41:26,414,45.6,16,16,34.8,3,GMT+09:00,20220719200033 ,37.5634252,127.0489282
24:0A:C4:22:41:26,414,45.6,16,16,34.8,3,GMT+09:00,20220719200034 ,37.5634252,127.0489282
24:0A:C4:22:41:26,410,45.6,16,16,34.8,2,GMT+09:00,20220719200035 ,37.5677287,127.0531954
24:0A:C4:22:41:26,418,45.6,16,15,34.8,3,GMT+09:00,20220719200036 ,37.5677287,127.0531954
24:0A:C4:22:41:26,414,45.6,16,15,34.8,3,GMT+09:00,20220719200037 ,37.5677287,127.0531954
24:0A:C4:22:41:26,414,45.6,16,15,34.8,3,GMT+09:00,20220719200038 ,37.5677287,127.0531954
24:0A:C4:22:41:26,414,45.6,16,15,34.8,3,GMT+09:00,20220719200039 ,37.5677287,127.0531954
24:0A:C4:22:41:26,418,45.7,16,16,34.8,3,GMT+09:00,20220719200040 ,37.5677287,127.0531954
24:0A:C4:22:41:26,418,45.7,17,16,34.8,3,GMT+09:00,20220719200041 ,37.5677287,127.0531954
24:0A:C4:22:41:26,406,45.6,17,16,34.8,1,GMT+09:00,20220719200042 ,37.5677287,127.0531954
24:0A:C4:22:41:26,410,45.6,16,16,34.8,2,GMT+09:00,20220719200043 ,37.5677287,127.0531954
24:0A:C4:22:41:26,418,45.6,16,16,34.8,3,GMT+09:00,20220719200044 ,37.5677287,127.0531954
24:0A:C4:22:41:26,410,45.6,15,15,34.9,2,GMT+09:00,20220719200045 ,37.5677287,127.0531954
24:0A:C4:22:41:26,418,45.7,15,15,34.9,3,GMT+09:00,20220719200046 ,37.5677287,127.0531954
24:0A:C4:22:41:26,414,45.6,15,15,34.8,3,GMT+09:00,20220719200047 ,37.5677287,127.0531954
24:0A:C4:22:41:26,410,45.6,15,15,34.8,2,GMT+09:00,20220719200048 ,37.5677287,127.0531954
24:0A:C4:22:41:26,418,45.6,15,15,34.9,3,GMT+09:00,20220719200049 ,37.5677287,127.0531954
24:0A:C4:22:41:26,414,45.6,15,15,34.8,3,GMT+09:00,20220719200050 ,37.5677287,127.0531954
24:0A:C4:22:41:26,414,45.7,15,15,34.9,3,GMT+09:00,20220719200051 ,37.5677287,127.0531954
24:0A:C4:22:41:26,418,45.6,15,15,34.9,3,GMT+09:00,20220719200052 ,37.5677287,127.0531954
24:0A:C4:22:41:26,414,45.6,15,15,34.9,3,GMT+09:00,20220719200053 ,37.5634631,127.0489445
24:0A:C4:22:41:26,414,45.6,14,14,34.9,3,GMT+09:00,20220719200054 ,37.5634631,127.0489445
24:0A:C4:22:41:26,418,45.6,14,14,34.9,3,GMT+09:00,20220719200055 ,37.5634631,127.0489445
24:0A:C4:22:41:26,414,45.7,14,14,34.8,3,GMT+09:00,20220719200056 ,37.5634631,127.0489445
24:0A:C4:22:41:26,414,45.7,14,14,34.9,3,GMT+09:00,20220719200057 ,37.5634631,127.0489445
24:0A:C4:22:41:26,418,45.6,15,15,34.8,3,GMT+09:00,20220719200058 ,37.5634631,127.0489445
24:0A:C4:22:41:26,414,45.7,15,15,34.9,3,GMT+09:00,20220719200059 ,37.5634631,127.0489445
24:0A:C4:22:41:26,414,45.6,15,15,34.9,3,GMT+09:00,20220719200100 ,37.5634631,127.0489445
24:0A:C4:22:41:26,418,45.6,15,15,34.9,3,GMT+09:00,20220719200101 ,37.5634631,127.0489445
24:0A:C4:22:41:26,414,45.7,14,14,34.9,3,GMT+09:00,20220719200102 ,37.5634631,127.0489445
24:0A:C4:22:41:26,414,45.7,14,14,34.9,3,GMT+09:00,20220719200103 ,37.5634631,127.0489445
24:0A:C4:22:41:26,414,45.7,14,14,34.8,3,GMT+09:00,20220719200104 ,37.5634631,127.0489445
24:0A:C4:22:41:26,418,45.7,14,14,34.8,3,GMT+09:00,20220719200105 ,37.5634631,127.0489445
24:0A:C4:22:41:26,418,45.7,14,14,34.9,3,GMT+09:00,20220719200106 ,37.5634528,127.0488711
24:0A:C4:22:41:26,414,45.7,14,14,34.9,3,GMT+09:00,20220719200107 ,37.5634528,127.0488711
24:0A:C4:22:41:26,418,45.7,14,14,34.8,3,GMT+09:00,20220719200108 ,37.5634528,127.0488711
24:0A:C4:22:41:26,418,45.6,14,14,34.9,3,GMT+09:00,20220719200109 ,37.5634528,127.0488711
24:0A:C4:22:41:26,418,45.7,14,14,34.9,3,GMT+09:00,20220719200110 ,37.5634528,127.0488711
24:0A:C4:22:41:26,418,45.6,14,14,34.9,3,GMT+09:00,20220719200111 ,37.5634528,127.0488711
24:0A:C4:22:41:26,418,45.6,14,14,34.9,3,GMT+09:00,20220719200112 ,37.5634528,127.0488711
24:0A:C4:22:41:26,418,45.7,14,14,34.9,3,GMT+09:00,20220719200113 ,37.5634528,127.0488711
24:0A:C4:22:41:26,414,45.6,14,14,34.9,3,GMT+09:00,20220719200114 ,37.5634528,127.0488711
24:0A:C4:22:41:26,418,45.7,14,14,34.9,3,GMT+09:00,20220719200115 ,37.5634528,127.0488711
24:0A:C4:22:41:26,418,45.6,14,14,34.9,3,GMT+09:00,20220719200116 ,37.5634528,127.0488711
24:0A:C4:22:41:26,414,45.7,14,14,34.9,3,GMT+09:00,20220719200117 ,37.5634528,127.0488711
24:0A:C4:22:41:26,422,45.7,14,14,34.9,4,GMT+09:00,20220719200118 ,37.5634528,127.0488711
24:0A:C4:22:41:26,418,45.7,14,14,34.9,3,GMT+09:00,20220719200119 ,37.5634528,127.0488711
24:0A:C4:22:41:26,418,45.6,14,14,34.9,3,GMT+09:00,20220719200120 ,37.5634528,127.0488711
24:0A:C4:22:41:26,422,45.6,14,14,34.9,4,GMT+09:00,20220719200121 ,37.5634528,127.0488711
24:0A:C4:22:41:26,422,45.7,15,15,34.9,4,GMT+09:00,20220719200122 ,37.5634528,127.0488711
24:0A:C4:22:41:26,418,45.7,14,14,34.9,3,GMT+09:00,20220719200123 ,37.5634528,127.0488711
24:0A:C4:22:41:26,418,45.7,14,14,34.9,3,GMT+09:00,20220719200124 ,37.5634528,127.0488711
24:0A:C4:22:41:26,418,45.6,14,14,34.9,3,GMT+09:00,20220719200125 ,37.5634528,127.0488711
24:0A:C4:22:41:26,422,45.7,15,14,34.9,4,GMT+09:00,20220719200126 ,37.5634528,127.0488711
24:0A:C4:22:41:26,422,45.6,15,14,34.9,4,GMT+09:00,20220719200127 ,37.5634528,127.0488711
24:0A:C4:22:41:26,418,45.7,15,15,34.9,3,GMT+09:00,20220719200128 ,37.5634528,127.0488711
24:0A:C4:22:41:26,418,45.7,15,14,34.9,3,GMT+09:00,20220719200129 ,37.5634528,127.0488711
24:0A:C4:22:41:26,422,45.7,14,14,34.9,4,GMT+09:00,20220719200130 ,37.5634528,127.0488711
24:0A:C4:22:41:26,422,45.7,15,14,34.9,4,GMT+09:00,20220719200131 ,37.5634528,127.0488711
24:0A:C4:22:41:26,422,45.7,15,14,34.9,4,GMT+09:00,20220719200132 ,37.5638348,127.0481155
24:0A:C4:22:41:26,422,45.7,15,14,34.9,4,GMT+09:00,20220719200133 ,37.5638348,127.0481155
24:0A:C4:22:41:26,426,45.7,15,14,34.9,4,GMT+09:00,20220719200134 ,37.5638348,127.0481155
24:0A:C4:22:41:26,422,45.7,16,15,34.9,4,GMT+09:00,20220719200135 ,37.5638348,127.0481155
24:0A:C4:22:41:26,422,45.7,16,15,34.9,4,GMT+09:00,20220719200136 ,37.5638348,127.0481155
24:0A:C4:22:41:26,426,45.7,16,15,34.9,4,GMT+09:00,20220719200137 ,37.5638348,127.0481155
24:0A:C4:22:41:26,426,45.7,15,15,34.9,4,GMT+09:00,20220719200138 ,37.5638348,127.0481155
24:0A:C4:22:41:26,434,45.7,15,14,34.9,6,GMT+09:00,20220719200139 ,37.5638348,127.0481155
24:0A:C4:22:41:26,426,45.8,16,14,34.9,4,GMT+09:00,20220719200140 ,37.5638348,127.0481155
24:0A:C4:22:41:26,428,45.8,16,14,34.9,5,GMT+09:00,20220719200141 ,37.5638348,127.0481155
24:0A:C4:22:41:26,434,45.8,15,14,34.9,6,GMT+09:00,20220719200142 ,37.5638348,127.0481155
24:0A:C4:22:41:26,426,45.8,16,14,34.9,4,GMT+09:00,20220719200143 ,37.5638348,127.0481155
24:0A:C4:22:41:26,434,45.8,16,14,35,6,GMT+09:00,20220719200144 ,37.5638348,127.0481155
24:0A:C4:22:41:26,447,45.8,16,15,34.9,8,GMT+09:00,20220719200145 ,37.5638348,127.0481155
24:0A:C4:22:41:26,428,45.8,16,15,34.9,5,GMT+09:00,20220719200146 ,37.5638171,127.0481271
24:0A:C4:22:41:26,444,45.8,15,14,34.9,7,GMT+09:00,20220719200147 ,37.5638171,127.0481271
24:0A:C4:22:41:26,434,45.8,16,15,34.9,6,GMT+09:00,20220719200148 ,37.5638171,127.0481271
24:0A:C4:22:41:26,434,45.8,15,14,34.9,6,GMT+09:00,20220719200149 ,37.5638171,127.0481271
24:0A:C4:22:41:26,447,45.8,16,15,34.9,8,GMT+09:00,20220719200150 ,37.5638171,127.0481271
24:0A:C4:22:41:26,434,45.8,16,15,35,6,GMT+09:00,20220719200151 ,37.5638171,127.0481271
24:0A:C4:22:41:26,434,45.8,16,15,35,6,GMT+09:00,20220719200152 ,37.5638171,127.0481271
24:0A:C4:22:41:26,434,45.8,15,14,35,6,GMT+09:00,20220719200153 ,37.5638171,127.0481271
24:0A:C4:22:41:26,434,45.8,15,14,34.9,6,GMT+09:00,20220719200154 ,37.5638171,127.0481271
24:0A:C4:22:41:26,439,45.8,15,14,35,6,GMT+09:00,20220719200155 ,37.5638171,127.0481271
24:0A:C4:22:41:26,434,45.7,15,14,34.9,6,GMT+09:00,20220719200156 ,37.5637783,127.0480837
24:0A:C4:22:41:26,439,45.7,15,14,35,6,GMT+09:00,20220719200157 ,37.5637783,127.0480837
24:0A:C4:22:41:26,434,45.8,14,14,35,6,GMT+09:00,20220719200158 ,37.5637783,127.0480837
24:0A:C4:22:41:26,434,45.8,15,14,34.9,6,GMT+09:00,20220719200159 ,37.5637783,127.0480837
24:0A:C4:22:41:26,444,45.7,15,14,34.9,7,GMT+09:00,20220719200200 ,37.5637783,127.0480837
24:0A:C4:22:41:26,439,45.7,16,15,35,6,GMT+09:00,20220719200201 ,37.5637783,127.0480837
24:0A:C4:22:41:26,434,45.7,16,15,35,6,GMT+09:00,20220719200202 ,37.5637783,127.0480837
24:0A:C4:22:41:26,439,45.8,15,15,34.9,6,GMT+09:00,20220719200203 ,37.5637783,127.0480837
24:0A:C4:22:41:26,439,45.7,15,15,35,6,GMT+09:00,20220719200204 ,37.5637783,127.0480837
24:0A:C4:22:41:26,439,45.8,14,14,35,6,GMT+09:00,20220719200205 ,37.5637783,127.0480837
24:0A:C4:22:41:26,439,45.7,15,15,35,6,GMT+09:00,20220719200206 ,37.5637783,127.0480837
24:0A:C4:22:41:26,444,45.7,15,15,34.9,7,GMT+09:00,20220719200207 ,37.5637783,127.0480837
24:0A:C4:22:41:26,439,45.7,15,15,35,6,GMT+09:00,20220719200208 ,37.5637783,127.0480837
24:0A:C4:22:41:26,439,45.8,15,15,35,6,GMT+09:00,20220719200209 ,37.5637783,127.0480837
24:0A:C4:22:41:26,444,45.8,15,15,34.9,7,GMT+09:00,20220719200210 ,37.5637783,127.0480837
24:0A:C4:22:41:26,444,45.8,15,15,35,7,GMT+09:00,20220719200211 ,37.5637783,127.0480837
24:0A:C4:22:41:26,444,45.7,15,15,35,7,GMT+09:00,20220719200212 ,37.5637783,127.0480837
24:0A:C4:22:41:26,447,45.7,16,15,35,8,GMT+09:00,20220719200213 ,37.5637783,127.0480837
24:0A:C4:22:41:26,447,45.7,16,15,35,8,GMT+09:00,20220719200214 ,37.5637783,127.0480837
24:0A:C4:22:41:26,447,45.8,16,16,35,8,GMT+09:00,20220719200215 ,37.5637783,127.0480837
24:0A:C4:22:41:26,447,45.7,17,16,35,8,GMT+09:00,20220719200216 ,37.5637783,127.0480837
24:0A:C4:22:41:26,439,45.8,17,16,35,6,GMT+09:00,20220719200217 ,37.5635937,127.0476815
24:0A:C4:22:41:26,444,45.7,16,16,35,7,GMT+09:00,20220719200218 ,37.5635937,127.0476815
24:0A:C4:22:41:26,447,45.7,16,16,35,8,GMT+09:00,20220719200219 ,37.5635937,127.0476815
24:0A:C4:22:41:26,439,45.7,16,16,35,6,GMT+09:00,20220719200220 ,37.5635937,127.0476815
24:0A:C4:22:41:26,444,45.8,16,16,35,7,GMT+09:00,20220719200221 ,37.5635937,127.0476815
24:0A:C4:22:41:26,444,45.8,16,16,35,7,GMT+09:00,20220719200221 ,37.5635937,127.0476815
24:0A:C4:22:41:26,447,45.7,16,16,35,8,GMT+09:00,20220719200222 ,37.5635937,127.0476815
24:0A:C4:22:41:26,444,45.8,16,16,35,7,GMT+09:00,20220719200223 ,37.5635937,127.0476815
24:0A:C4:22:41:26,444,45.8,16,16,35,7,GMT+09:00,20220719200223 ,37.5635937,127.0476815
24:0A:C4:22:41:26,444,45.7,16,16,35,7,GMT+09:00,20220719200224 ,37.5635937,127.0476815
24:0A:C4:22:41:26,444,45.7,16,16,35,7,GMT+09:00,20220719200224 ,37.5635937,127.0476815
24:0A:C4:22:41:26,434,45.8,16,15,35,6,GMT+09:00,20220719200225 ,37.5635937,127.0476815
24:0A:C4:22:41:26,434,45.8,16,15,35,6,GMT+09:00,20220719200225 ,37.5635937,127.0476815
24:0A:C4:22:41:26,444,45.8,16,15,35,7,GMT+09:00,20220719200226 ,37.5635604,127.0477066
24:0A:C4:22:41:26,444,45.8,16,15,35,7,GMT+09:00,20220719200226 ,37.5635604,127.0477066
24:0A:C4:22:41:26,447,45.8,16,15,35,8,GMT+09:00,20220719200227 ,37.5635604,127.0477066
24:0A:C4:22:41:26,447,45.8,16,15,35,8,GMT+09:00,20220719200227 ,37.5635604,127.0477066
24:0A:C4:22:41:26,447,45.8,16,15,35,8,GMT+09:00,20220719200228 ,37.5635604,127.0477066
24:0A:C4:22:41:26,447,45.8,16,15,35,8,GMT+09:00,20220719200228 ,37.5635604,127.0477066
24:0A:C4:22:41:26,447,45.8,16,15,35,8,GMT+09:00,20220719200229 ,37.5635604,127.0477066
24:0A:C4:22:41:26,447,45.8,16,15,35,8,GMT+09:00,20220719200229 ,37.5635604,127.0477066
24:0A:C4:22:41:26,444,45.8,15,15,35,7,GMT+09:00,20220719200230 ,37.5635604,127.0477066
24:0A:C4:22:41:26,444,45.8,15,15,35,7,GMT+09:00,20220719200230 ,37.5635604,127.0477066
24:0A:C4:22:41:26,444,45.7,15,15,35,7,GMT+09:00,20220719200231 ,37.5635604,127.0477066
24:0A:C4:22:41:26,444,45.7,15,15,35,7,GMT+09:00,20220719200231 ,37.5635604,127.0477066
24:0A:C4:22:41:26,447,45.8,15,15,35,8,GMT+09:00,20220719200232 ,37.5635604,127.0477066
24:0A:C4:22:41:26,447,45.8,15,15,35,8,GMT+09:00,20220719200232 ,37.5635604,127.0477066
24:0A:C4:22:41:26,447,45.8,15,15,35,8,GMT+09:00,20220719200233 ,37.5635604,127.0477066
24:0A:C4:22:41:26,447,45.8,15,15,35,8,GMT+09:00,20220719200234 ,37.5635604,127.0477066
24:0A:C4:22:41:26,447,45.8,15,15,35,8,GMT+09:00,20220719200235 ,37.5635604,127.0477066
24:0A:C4:22:41:26,447,45.8,15,15,35,8,GMT+09:00,20220719200236 ,37.5635604,127.0477066
24:0A:C4:22:41:26,447,45.8,15,15,35,8,GMT+09:00,20220719200237 ,37.5635604,127.0477066
24:0A:C4:22:41:26,444,45.8,15,15,35,7,GMT+09:00,20220719200238 ,37.5635604,127.0477066
24:0A:C4:22:41:26,447,45.7,16,15,35,8,GMT+09:00,20220719200239 ,37.5635604,127.0477066
24:0A:C4:22:41:26,450,45.8,16,15,35,8,GMT+09:00,20220719200240 ,37.5635604,127.0477066
24:0A:C4:22:41:26,447,45.8,16,15,35,8,GMT+09:00,20220719200241 ,37.5635604,127.0477066
24:0A:C4:22:41:26,450,45.8,16,15,35,8,GMT+09:00,20220719200242 ,37.5635604,127.0477066
24:0A:C4:22:41:26,447,45.8,16,16,35,8,GMT+09:00,20220719200243 ,37.5635604,127.0477066
24:0A:C4:22:41:26,444,45.8,18,16,35,7,GMT+09:00,20220719200244 ,37.5635604,127.0477066
24:0A:C4:22:41:26,450,45.8,18,16,35,8,GMT+09:00,20220719200245 ,37.5635604,127.0477066
24:0A:C4:22:41:26,444,45.8,17,16,35,7,GMT+09:00,20220719200246 ,37.5635379,127.0477067
24:0A:C4:22:41:26,444,45.8,18,17,35,7,GMT+09:00,20220719200247 ,37.5635379,127.0477067
24:0A:C4:22:41:26,447,45.8,18,17,35,8,GMT+09:00,20220719200248 ,37.5635379,127.0477067
24:0A:C4:22:41:26,447,45.8,18,17,35,8,GMT+09:00,20220719200249 ,37.5635379,127.0477067
24:0A:C4:22:41:26,447,45.8,18,17,35,8,GMT+09:00,20220719200250 ,37.5635379,127.0477067
24:0A:C4:22:41:26,455,45.8,18,17,35,9,GMT+09:00,20220719200251 ,37.5635379,127.0477067
24:0A:C4:22:41:26,447,45.8,19,17,35,8,GMT+09:00,20220719200252 ,37.5635379,127.0477067
24:0A:C4:22:41:26,447,45.8,19,18,35,8,GMT+09:00,20220719200253 ,37.5635379,127.0477067
24:0A:C4:22:41:26,460,45.8,19,17,35.1,10,GMT+09:00,20220719200254 ,37.5635379,127.0477067
24:0A:C4:22:41:26,450,45.8,19,17,35,8,GMT+09:00,20220719200255 ,37.5635379,127.0477067
24:0A:C4:22:41:26,450,45.8,19,18,35,8,GMT+09:00,20220719200256 ,37.5635379,127.0477067
24:0A:C4:22:41:26,447,45.8,19,18,35,8,GMT+09:00,20220719200257 ,37.5635379,127.0477067
24:0A:C4:22:41:26,450,45.7,19,18,35.1,8,GMT+09:00,20220719200258 ,37.5635379,127.0477067
24:0A:C4:22:41:26,455,45.8,19,17,35,9,GMT+09:00,20220719200259 ,37.5635379,127.0477067
24:0A:C4:22:41:26,455,45.7,18,17,35,9,GMT+09:00,20220719200300 ,37.5635379,127.0477067
24:0A:C4:22:41:26,455,45.8,18,16,35.1,9,GMT+09:00,20220719200301 ,37.5635379,127.0477067
24:0A:C4:22:41:26,450,45.8,17,16,35,8,GMT+09:00,20220719200302 ,37.5635379,127.0477067
24:0A:C4:22:41:26,455,45.7,18,16,35.1,9,GMT+09:00,20220719200303 ,37.5635379,127.0477067
24:0A:C4:22:41:26,463,45.8,17,16,35,10,GMT+09:00,20220719200304 ,37.5635379,127.0477067
24:0A:C4:22:41:26,450,45.8,18,17,35,8,GMT+09:00,20220719200305 ,37.5635379,127.0477067
24:0A:C4:22:41:26,450,45.8,18,17,35.1,8,GMT+09:00,20220719200306 ,37.5635283,127.0476347
24:0A:C4:22:41:26,455,45.7,18,17,35.1,9,GMT+09:00,20220719200307 ,37.5635283,127.0476347
24:0A:C4:22:41:26,455,45.8,17,17,35.1,9,GMT+09:00,20220719200308 ,37.5635283,127.0476347
24:0A:C4:22:41:26,460,45.8,17,17,35,10,GMT+09:00,20220719200309 ,37.5635283,127.0476347
24:0A:C4:22:41:26,455,45.8,17,16,35.1,9,GMT+09:00,20220719200310 ,37.5635283,127.0476347
24:0A:C4:22:41:26,455,45.8,16,16,35.1,9,GMT+09:00,20220719200311 ,37.5635283,127.0476347
24:0A:C4:22:41:26,460,45.8,17,16,35.1,10,GMT+09:00,20220719200312 ,37.5635283,127.0476347
24:0A:C4:22:41:26,455,45.7,17,16,35.1,9,GMT+09:00,20220719200313 ,37.5635283,127.0476347
24:0A:C4:22:41:26,455,45.8,17,16,35.1,9,GMT+09:00,20220719200314 ,37.5635283,127.0476347
24:0A:C4:22:41:26,463,45.8,17,16,35.1,10,GMT+09:00,20220719200315 ,37.5635283,127.0476347
24:0A:C4:22:41:26,460,45.8,16,16,35.1,10,GMT+09:00,20220719200316 ,37.5635283,127.0476347
24:0A:C4:22:41:26,455,45.8,17,16,35.1,9,GMT+09:00,20220719200317 ,37.5635283,127.0476347
24:0A:C4:22:41:26,470,45.8,16,16,35.1,11,GMT+09:00,20220719200318 ,37.5635283,127.0476347
24:0A:C4:22:41:26,460,45.9,17,16,35.1,10,GMT+09:00,20220719200319 ,37.5635283,127.0476347
24:0A:C4:22:41:26,460,45.9,17,16,35.1,10,GMT+09:00,20220719200320 ,37.5635283,127.0476347
24:0A:C4:22:41:26,463,45.8,17,17,35.1,10,GMT+09:00,20220719200321 ,37.5635283,127.0476347
24:0A:C4:22:41:26,460,45.8,17,16,35.1,10,GMT+09:00,20220719200322 ,37.5635283,127.0476347
24:0A:C4:22:41:26,463,45.8,17,16,35.1,10,GMT+09:00,20220719200323 ,37.5635283,127.0476347
24:0A:C4:22:41:26,470,45.8,17,16,35.1,11,GMT+09:00,20220719200324 ,37.5635283,127.0476347
24:0A:C4:22:41:26,463,45.9,16,16,35.1,10,GMT+09:00,20220719200325 ,37.5635283,127.0476347
24:0A:C4:22:41:26,475,45.9,16,15,35.1,12,GMT+09:00,20220719200326 ,37.5635168,127.0476883
24:0A:C4:22:41:26,475,46,16,16,35.1,12,GMT+09:00,20220719200327 ,37.5635168,127.0476883
24:0A:C4:22:41:26,470,46,17,16,35.1,11,GMT+09:00,20220719200328 ,37.5635168,127.0476883
24:0A:C4:22:41:26,475,46,17,17,35.1,12,GMT+09:00,20220719200329 ,37.5635168,127.0476883
24:0A:C4:22:41:26,463,46.1,17,16,35.1,10,GMT+09:00,20220719200330 ,37.5635168,127.0476883
24:0A:C4:22:41:26,470,46,17,16,35.1,11,GMT+09:00,20220719200331 ,37.5635168,127.0476883
24:0A:C4:22:41:26,477,45.9,17,16,35.1,12,GMT+09:00,20220719200332 ,37.5635168,127.0476883
24:0A:C4:22:41:26,470,46,16,16,35.1,11,GMT+09:00,20220719200333 ,37.5635168,127.0476883
24:0A:C4:22:41:26,485,46,16,16,35.1,13,GMT+09:00,20220719200334 ,37.5635168,127.0476883
24:0A:C4:22:41:26,470,46,17,16,35.1,11,GMT+09:00,20220719200335 ,37.5635168,127.0476883
24:0A:C4:22:41:26,475,46,17,16,35.1,12,GMT+09:00,20220719200336 ,37.5635168,127.0476883
24:0A:C4:22:41:26,485,46,16,16,35.1,13,GMT+09:00,20220719200337 ,37.5635168,127.0476883
24:0A:C4:22:41:26,475,46,16,16,35.1,12,GMT+09:00,20220719200338 ,37.5635168,127.0476883
24:0A:C4:22:41:26,485,46,16,16,35.1,13,GMT+09:00,20220719200339 ,37.5635168,127.0476883
24:0A:C4:22:41:26,485,46,16,16,35.1,13,GMT+09:00,20220719200340 ,37.5635168,127.0476883
24:0A:C4:22:41:26,477,45.9,16,16,35.1,12,GMT+09:00,20220719200341 ,37.5635168,127.0476883
24:0A:C4:22:41:26,485,46,16,16,35.1,13,GMT+09:00,20220719200342 ,37.5635168,127.0476883
24:0A:C4:22:41:26,475,46,16,16,35.1,12,GMT+09:00,20220719200343 ,37.5635168,127.0476883
24:0A:C4:22:41:26,477,46,16,15,35.1,12,GMT+09:00,20220719200344 ,37.5635168,127.0476883
24:0A:C4:22:41:26,487,45.9,16,15,35.1,14,GMT+09:00,20220719200345 ,37.5635168,127.0476883
24:0A:C4:22:41:26,485,46,16,15,35.1,13,GMT+09:00,20220719200346 ,37.5634896,127.0477321
24:0A:C4:22:41:26,487,45.9,16,15,35.1,14,GMT+09:00,20220719200347 ,37.5634896,127.0477321
24:0A:C4:22:41:26,485,45.9,16,15,35.1,13,GMT+09:00,20220719200348 ,37.5634896,127.0477321
24:0A:C4:22:41:26,485,45.9,15,14,35.1,13,GMT+09:00,20220719200349 ,37.5634896,127.0477321
24:0A:C4:22:41:26,487,45.9,15,14,35.1,14,GMT+09:00,20220719200350 ,37.5634896,127.0477321
24:0A:C4:22:41:26,487,45.9,15,14,35.1,14,GMT+09:00,20220719200351 ,37.5634896,127.0477321
24:0A:C4:22:41:26,487,46,14,14,35.1,14,GMT+09:00,20220719200352 ,37.5634896,127.0477321
24:0A:C4:22:41:26,487,45.8,14,13,35.1,14,GMT+09:00,20220719200353 ,37.5634896,127.0477321
24:0A:C4:22:41:26,487,45.9,14,13,35.1,14,GMT+09:00,20220719200354 ,37.5634896,127.0477321
24:0A:C4:22:41:26,487,45.9,14,14,35.1,14,GMT+09:00,20220719200355 ,37.5634896,127.0477321
24:0A:C4:22:41:26,492,45.8,14,14,35.2,15,GMT+09:00,20220719200356 ,37.5634896,127.0477321
24:0A:C4:22:41:26,487,45.9,14,14,35.1,14,GMT+09:00,20220719200357 ,37.5634896,127.0477321
24:0A:C4:22:41:26,487,45.9,14,14,35.1,14,GMT+09:00,20220719200358 ,37.5634896,127.0477321
24:0A:C4:22:41:26,485,45.9,14,14,35.1,13,GMT+09:00,20220719200359 ,37.5634896,127.0477321
24:0A:C4:22:41:26,487,45.9,14,14,35.1,14,GMT+09:00,20220719200400 ,37.5634896,127.0477321
24:0A:C4:22:41:26,486,45.9,14,14,35.1,14,GMT+09:00,20220719200401 ,37.5634896,127.0477321
24:0A:C4:22:41:26,483,45.9,14,14,35.2,13,GMT+09:00,20220719200402 ,37.5634896,127.0477321
24:0A:C4:22:41:26,491,45.9,14,13,35.1,14,GMT+09:00,20220719200403 ,37.5634896,127.0477321
24:0A:C4:22:41:26,486,45.9,14,13,35.1,14,GMT+09:00,20220719200404 ,37.5634896,127.0477321
24:0A:C4:22:41:26,491,45.9,14,13,35.1,14,GMT+09:00,20220719200405 ,37.5634901,127.0477353
24:0A:C4:22:41:26,491,45.9,14,13,35.2,14,GMT+09:00,20220719200406 ,37.5634901,127.0477353
24:0A:C4:22:41:26,486,45.9,14,13,35.1,14,GMT+09:00,20220719200407 ,37.5634901,127.0477353
24:0A:C4:22:41:26,491,45.8,13,13,35.2,14,GMT+09:00,20220719200408 ,37.5634901,127.0477353
24:0A:C4:22:41:26,491,45.9,14,14,35.2,14,GMT+09:00,20220719200409 ,37.5634901,127.0477353
24:0A:C4:22:41:26,491,45.8,13,13,35.1,14,GMT+09:00,20220719200410 ,37.5634901,127.0477353
24:0A:C4:22:41:26,496,45.9,13,13,35.2,15,GMT+09:00,20220719200411 ,37.5634901,127.0477353
24:0A:C4:22:41:26,491,45.8,13,13,35.2,14,GMT+09:00,20220719200412 ,37.5634901,127.0477353
24:0A:C4:22:41:26,496,45.8,13,13,35.2,15,GMT+09:00,20220719200413 ,37.5634901,127.0477353
24:0A:C4:22:41:26,491,45.8,13,13,35.2,14,GMT+09:00,20220719200414 ,37.5634901,127.0477353
24:0A:C4:22:41:26,501,45.8,13,13,35.1,16,GMT+09:00,20220719200415 ,37.5634901,127.0477353
24:0A:C4:22:41:26,491,45.9,14,14,35.2,14,GMT+09:00,20220719200416 ,37.5634901,127.0477353
24:0A:C4:22:41:26,491,45.8,14,14,35.2,14,GMT+09:00,20220719200417 ,37.5634901,127.0477353
24:0A:C4:22:41:26,491,45.8,14,14,35.2,14,GMT+09:00,20220719200417 ,37.5634901,127.0477353
24:0A:C4:22:41:26,496,45.9,13,13,35.1,15,GMT+09:00,20220719200418 ,37.5634901,127.0477353
24:0A:C4:22:41:26,496,45.9,13,13,35.1,15,GMT+09:00,20220719200418 ,37.5634901,127.0477353
24:0A:C4:22:41:26,491,45.8,14,14,35.2,14,GMT+09:00,20220719200419 ,37.5634901,127.0477353
24:0A:C4:22:41:26,491,45.8,14,14,35.2,14,GMT+09:00,20220719200419 ,37.5634901,127.0477353
24:0A:C4:22:41:26,496,45.8,14,14,35.2,15,GMT+09:00,20220719200420 ,37.5634901,127.0477353
24:0A:C4:22:41:26,496,45.8,14,14,35.2,15,GMT+09:00,20220719200420 ,37.5634901,127.0477353
24:0A:C4:22:41:26,496,45.9,13,13,35.2,15,GMT+09:00,20220719200421 ,37.5634901,127.0477353
24:0A:C4:22:41:26,496,45.9,13,13,35.2,15,GMT+09:00,20220719200421 ,37.5634901,127.0477353
24:0A:C4:22:41:26,491,45.8,13,13,35.2,14,GMT+09:00,20220719200422 ,37.5634901,127.0477353
24:0A:C4:22:41:26,491,45.8,13,13,35.2,14,GMT+09:00,20220719200422 ,37.5634901,127.0477353
24:0A:C4:22:41:26,496,45.8,13,13,35.2,15,GMT+09:00,20220719200423 ,37.5634901,127.0477353
24:0A:C4:22:41:26,496,45.8,13,13,35.2,15,GMT+09:00,20220719200423 ,37.5634901,127.0477353
24:0A:C4:22:41:26,491,45.8,13,13,35.2,14,GMT+09:00,20220719200424 ,37.5634901,127.0477353
24:0A:C4:22:41:26,491,45.8,13,13,35.2,14,GMT+09:00,20220719200424 ,37.5634901,127.0477353
24:0A:C4:22:41:26,491,45.8,13,13,35.2,14,GMT+09:00,20220719200425 ,37.5634902,127.0477331
24:0A:C4:22:41:26,491,45.8,13,13,35.2,14,GMT+09:00,20220719200425 ,37.5634902,127.0477331
24:0A:C4:22:41:26,496,45.8,13,13,35.2,15,GMT+09:00,20220719200426 ,37.5634902,127.0477331
24:0A:C4:22:41:26,496,45.8,13,13,35.2,15,GMT+09:00,20220719200426 ,37.5634902,127.0477331
24:0A:C4:22:41:26,496,45.8,13,13,35.1,15,GMT+09:00,20220719200427 ,37.5634902,127.0477331
24:0A:C4:22:41:26,496,45.8,13,13,35.1,15,GMT+09:00,20220719200427 ,37.5634902,127.0477331
24:0A:C4:22:41:26,506,45.8,13,13,35.2,17,GMT+09:00,20220719200428 ,37.5634902,127.0477331
24:0A:C4:22:41:26,506,45.8,13,13,35.2,17,GMT+09:00,20220719200428 ,37.5634902,127.0477331
24:0A:C4:22:41:26,496,45.8,13,13,35.2,15,GMT+09:00,20220719200429 ,37.5634902,127.0477331
24:0A:C4:22:41:26,496,45.8,13,13,35.2,15,GMT+09:00,20220719200429 ,37.5634902,127.0477331
24:0A:C4:22:41:26,506,45.8,13,13,35.2,17,GMT+09:00,20220719200430 ,37.5634902,127.0477331
24:0A:C4:22:41:26,506,45.8,13,13,35.2,17,GMT+09:00,20220719200430 ,37.5634902,127.0477331
24:0A:C4:22:41:26,515,45.8,13,13,35.2,18,GMT+09:00,20220719200431 ,37.5634902,127.0477331
24:0A:C4:22:41:26,515,45.8,13,13,35.2,18,GMT+09:00,20220719200431 ,37.5634902,127.0477331
24:0A:C4:22:41:26,496,45.8,13,13,35.2,15,GMT+09:00,20220719200432 ,37.5634902,127.0477331
24:0A:C4:22:41:26,496,45.8,13,13,35.2,15,GMT+09:00,20220719200432 ,37.5634902,127.0477331
24:0A:C4:22:41:26,501,45.8,13,13,35.2,16,GMT+09:00,20220719200433 ,37.5634902,127.0477331
24:0A:C4:22:41:26,501,45.8,13,13,35.2,16,GMT+09:00,20220719200433 ,37.5634902,127.0477331
24:0A:C4:22:41:26,501,45.8,13,13,35.2,16,GMT+09:00,20220719200434 ,37.5634902,127.0477331
24:0A:C4:22:41:26,501,45.8,13,13,35.2,16,GMT+09:00,20220719200434 ,37.5634902,127.0477331
24:0A:C4:22:41:26,491,45.8,12,12,35.2,14,GMT+09:00,20220719200435 ,37.5634902,127.0477331
24:0A:C4:22:41:26,491,45.8,12,12,35.2,14,GMT+09:00,20220719200435 ,37.5634902,127.0477331
24:0A:C4:22:41:26,506,45.8,12,12,35.2,17,GMT+09:00,20220719200436 ,37.5634902,127.0477331
24:0A:C4:22:41:26,506,45.8,12,12,35.2,17,GMT+09:00,20220719200436 ,37.5634902,127.0477331
24:0A:C4:22:41:26,496,45.8,12,12,35.2,15,GMT+09:00,20220719200437 ,37.5634902,127.0477331
24:0A:C4:22:41:26,496,45.8,12,12,35.2,15,GMT+09:00,20220719200437 ,37.5634902,127.0477331
24:0A:C4:22:41:26,496,45.7,13,13,35.2,15,GMT+09:00,20220719200438 ,37.5634902,127.0477331
24:0A:C4:22:41:26,496,45.7,13,13,35.2,15,GMT+09:00,20220719200438 ,37.5634902,127.0477331
24:0A:C4:22:41:26,501,45.8,13,13,35.2,16,GMT+09:00,20220719200439 ,37.5634902,127.0477331
24:0A:C4:22:41:26,501,45.8,13,13,35.2,16,GMT+09:00,20220719200439 ,37.5634902,127.0477331
24:0A:C4:22:41:26,501,45.8,12,12,35.2,16,GMT+09:00,20220719200440 ,37.5634902,127.0477331
24:0A:C4:22:41:26,501,45.8,12,12,35.2,16,GMT+09:00,20220719200440 ,37.5634902,127.0477331
24:0A:C4:22:41:26,496,45.8,12,12,35.2,15,GMT+09:00,20220719200441 ,37.5634902,127.0477331
24:0A:C4:22:41:26,496,45.8,12,12,35.2,15,GMT+09:00,20220719200441 ,37.5634902,127.0477331
24:0A:C4:22:41:26,496,45.8,12,12,35.2,15,GMT+09:00,20220719200442 ,37.5634902,127.0477331
24:0A:C4:22:41:26,496,45.8,12,12,35.2,15,GMT+09:00,20220719200442 ,37.5634902,127.0477331
24:0A:C4:22:41:26,501,45.8,12,12,35.2,16,GMT+09:00,20220719200443 ,37.5634902,127.0477331
24:0A:C4:22:41:26,501,45.8,12,12,35.2,16,GMT+09:00,20220719200443 ,37.5634902,127.0477331
24:0A:C4:22:41:26,496,45.8,11,11,35.2,15,GMT+09:00,20220719200444 ,37.5634902,127.0477331
24:0A:C4:22:41:26,496,45.8,11,11,35.2,15,GMT+09:00,20220719200444 ,37.5634902,127.0477331
24:0A:C4:22:41:26,496,45.8,11,11,35.2,15,GMT+09:00,20220719200445 ,37.5634899,127.0477338
24:0A:C4:22:41:26,496,45.8,11,11,35.2,15,GMT+09:00,20220719200445 ,37.5634899,127.0477338
24:0A:C4:22:41:26,496,45.7,12,11,35.2,15,GMT+09:00,20220719200446 ,37.5634899,127.0477338
24:0A:C4:22:41:26,496,45.7,12,11,35.2,15,GMT+09:00,20220719200446 ,37.5634899,127.0477338
24:0A:C4:22:41:26,496,45.8,12,11,35.2,15,GMT+09:00,20220719200447 ,37.5634899,127.0477338
24:0A:C4:22:41:26,496,45.8,12,11,35.2,15,GMT+09:00,20220719200447 ,37.5634899,127.0477338
24:0A:C4:22:41:26,501,45.8,11,10,35.2,16,GMT+09:00,20220719200448 ,37.5634899,127.0477338
24:0A:C4:22:41:26,501,45.8,11,10,35.2,16,GMT+09:00,20220719200448 ,37.5634899,127.0477338
24:0A:C4:22:41:26,496,45.8,11,10,35.2,15,GMT+09:00,20220719200449 ,37.5634899,127.0477338
24:0A:C4:22:41:26,496,45.8,11,10,35.2,15,GMT+09:00,20220719200449 ,37.5634899,127.0477338
24:0A:C4:22:41:26,501,45.8,11,10,35.2,16,GMT+09:00,20220719200450 ,37.5634899,127.0477338
24:0A:C4:22:41:26,501,45.8,11,10,35.2,16,GMT+09:00,20220719200450 ,37.5634899,127.0477338
24:0A:C4:22:41:26,501,45.8,11,11,35.2,16,GMT+09:00,20220719200451 ,37.5634899,127.0477338
24:0A:C4:22:41:26,501,45.8,11,11,35.2,16,GMT+09:00,20220719200451 ,37.5634899,127.0477338
24:0A:C4:22:41:26,501,45.8,12,11,35.2,16,GMT+09:00,20220719200452 ,37.5634899,127.0477338
24:0A:C4:22:41:26,501,45.8,12,11,35.2,16,GMT+09:00,20220719200452 ,37.5634899,127.0477338
24:0A:C4:22:41:26,501,45.8,11,11,35.2,16,GMT+09:00,20220719200453 ,37.5634899,127.0477338
24:0A:C4:22:41:26,501,45.8,11,11,35.2,16,GMT+09:00,20220719200453 ,37.5634899,127.0477338
24:0A:C4:22:41:26,501,45.8,11,11,35.2,16,GMT+09:00,20220719200454 ,37.5634899,127.0477338
24:0A:C4:22:41:26,501,45.8,11,11,35.2,16,GMT+09:00,20220719200454 ,37.5634899,127.0477338
24:0A:C4:22:41:26,506,45.8,11,11,35.2,17,GMT+09:00,20220719200455 ,37.5634899,127.0477338
24:0A:C4:22:41:26,506,45.8,11,11,35.2,17,GMT+09:00,20220719200455 ,37.5634899,127.0477338
24:0A:C4:22:41:26,501,45.8,11,11,35.2,16,GMT+09:00,20220719200456 ,37.5634899,127.0477338
24:0A:C4:22:41:26,501,45.8,11,11,35.2,16,GMT+09:00,20220719200456 ,37.5634899,127.0477338
24:0A:C4:22:41:26,501,45.8,11,11,35.2,16,GMT+09:00,20220719200457 ,37.5634899,127.0477338
24:0A:C4:22:41:26,501,45.8,11,11,35.2,16,GMT+09:00,20220719200457 ,37.5634899,127.0477338
24:0A:C4:22:41:26,501,45.8,12,11,35.2,16,GMT+09:00,20220719200458 ,37.5634899,127.0477338
24:0A:C4:22:41:26,501,45.8,12,11,35.2,16,GMT+09:00,20220719200458 ,37.5634899,127.0477338
24:0A:C4:22:41:26,501,45.8,12,11,35.2,16,GMT+09:00,20220719200459 ,37.5634899,127.0477338
24:0A:C4:22:41:26,501,45.8,12,11,35.2,16,GMT+09:00,20220719200459 ,37.5634899,127.0477338
24:0A:C4:22:41:26,501,45.8,12,11,35.2,16,GMT+09:00,20220719200500 ,37.5634899,127.0477338
24:0A:C4:22:41:26,501,45.8,12,11,35.2,16,GMT+09:00,20220719200500 ,37.5634899,127.0477338
24:0A:C4:22:41:26,501,45.8,11,11,35.2,16,GMT+09:00,20220719200501 ,37.5634899,127.0477338
24:0A:C4:22:41:26,501,45.8,11,11,35.2,16,GMT+09:00,20220719200501 ,37.5634899,127.0477338
24:0A:C4:22:41:26,501,45.8,11,10,35.2,16,GMT+09:00,20220719200502 ,37.5634899,127.0477338
24:0A:C4:22:41:26,501,45.8,11,10,35.2,16,GMT+09:00,20220719200502 ,37.5634899,127.0477338
24:0A:C4:22:41:26,501,45.8,12,11,35.2,16,GMT+09:00,20220719200503 ,37.5634899,127.0477338
24:0A:C4:22:41:26,501,45.8,12,11,35.2,16,GMT+09:00,20220719200503 ,37.5634899,127.0477338
24:0A:C4:22:41:26,506,45.8,11,10,35.2,17,GMT+09:00,20220719200504 ,37.5634899,127.0477338
24:0A:C4:22:41:26,506,45.8,11,10,35.2,17,GMT+09:00,20220719200504 ,37.5634899,127.0477338
24:0A:C4:22:41:26,501,45.8,11,11,35.2,16,GMT+09:00,20220719200505 ,37.563495,127.0477237
24:0A:C4:22:41:26,501,45.8,11,11,35.2,16,GMT+09:00,20220719200505 ,37.563495,127.0477237
24:0A:C4:22:41:26,506,45.8,11,11,35.2,17,GMT+09:00,20220719200506 ,37.563495,127.0477237
24:0A:C4:22:41:26,506,45.8,11,11,35.2,17,GMT+09:00,20220719200506 ,37.563495,127.0477237
24:0A:C4:22:41:26,501,45.8,11,11,35.2,16,GMT+09:00,20220719200507 ,37.563495,127.0477237
24:0A:C4:22:41:26,501,45.8,11,11,35.2,16,GMT+09:00,20220719200507 ,37.563495,127.0477237
24:0A:C4:22:41:26,506,45.8,11,11,35.2,17,GMT+09:00,20220719200508 ,37.563495,127.0477237
24:0A:C4:22:41:26,506,45.8,11,11,35.2,17,GMT+09:00,20220719200508 ,37.563495,127.0477237
24:0A:C4:22:41:26,506,45.8,11,11,35.2,17,GMT+09:00,20220719200509 ,37.563495,127.0477237
24:0A:C4:22:41:26,506,45.8,11,11,35.2,17,GMT+09:00,20220719200509 ,37.563495,127.0477237
24:0A:C4:22:41:26,506,45.8,11,11,35.2,17,GMT+09:00,20220719200510 ,37.563495,127.0477237
24:0A:C4:22:41:26,506,45.8,11,11,35.2,17,GMT+09:00,20220719200510 ,37.563495,127.0477237
24:0A:C4:22:41:26,506,45.8,11,11,35.2,17,GMT+09:00,20220719200511 ,37.563495,127.0477237
24:0A:C4:22:41:26,506,45.8,11,11,35.2,17,GMT+09:00,20220719200511 ,37.563495,127.0477237
24:0A:C4:22:41:26,506,45.8,11,10,35.2,17,GMT+09:00,20220719200512 ,37.563495,127.0477237
24:0A:C4:22:41:26,506,45.8,11,10,35.2,17,GMT+09:00,20220719200512 ,37.563495,127.0477237
24:0A:C4:22:41:26,506,45.8,11,10,35.2,17,GMT+09:00,20220719200513 ,37.563495,127.0477237
24:0A:C4:22:41:26,506,45.8,11,10,35.2,17,GMT+09:00,20220719200513 ,37.563495,127.0477237
24:0A:C4:22:41:26,506,45.8,10,10,35.2,17,GMT+09:00,20220719200514 ,37.563495,127.0477237
24:0A:C4:22:41:26,506,45.8,10,10,35.2,17,GMT+09:00,20220719200514 ,37.563495,127.0477237
24:0A:C4:22:41:26,506,45.8,10,10,35.3,17,GMT+09:00,20220719200515 ,37.563495,127.0477237
24:0A:C4:22:41:26,506,45.8,10,10,35.3,17,GMT+09:00,20220719200515 ,37.563495,127.0477237
24:0A:C4:22:41:26,501,45.9,11,10,35.3,16,GMT+09:00,20220719200516 ,37.563495,127.0477237
24:0A:C4:22:41:26,501,45.9,11,10,35.3,16,GMT+09:00,20220719200516 ,37.563495,127.0477237
24:0A:C4:22:41:26,506,45.8,11,10,35.2,17,GMT+09:00,20220719200517 ,37.563495,127.0477237
24:0A:C4:22:41:26,506,45.9,11,10,35.2,17,GMT+09:00,20220719200518 ,37.563495,127.0477237
24:0A:C4:22:41:26,506,45.8,11,10,35.2,17,GMT+09:00,20220719200519 ,37.563495,127.0477237
24:0A:C4:22:41:26,506,45.9,11,10,35.2,17,GMT+09:00,20220719200520 ,37.563495,127.0477237
24:0A:C4:22:41:26,506,45.8,11,10,35.2,17,GMT+09:00,20220719200521 ,37.563495,127.0477237
24:0A:C4:22:41:26,506,45.8,11,10,35.2,17,GMT+09:00,20220719200522 ,37.563495,127.0477237
24:0A:C4:22:41:26,506,45.8,10,10,35.3,17,GMT+09:00,20220719200523 ,37.563495,127.0477237
24:0A:C4:22:41:26,506,45.8,11,10,35.3,17,GMT+09:00,20220719200524 ,37.563495,127.0477237
24:0A:C4:22:41:26,515,45.8,11,10,35.2,18,GMT+09:00,20220719200525 ,37.5634887,127.0477338
24:0A:C4:22:41:26,515,45.8,11,10,35.2,18,GMT+09:00,20220719200526 ,37.5634887,127.0477338
24:0A:C4:22:41:26,515,45.8,11,10,35.2,18,GMT+09:00,20220719200527 ,37.5634887,127.0477338
24:0A:C4:22:41:26,515,45.8,11,10,35.3,18,GMT+09:00,20220719200528 ,37.5634887,127.0477338
24:0A:C4:22:41:26,515,45.8,11,10,35.3,18,GMT+09:00,20220719200529 ,37.5634887,127.0477338
24:0A:C4:22:41:26,515,45.8,11,10,35.2,18,GMT+09:00,20220719200530 ,37.5634887,127.0477338
24:0A:C4:22:41:26,506,45.8,12,11,35.3,17,GMT+09:00,20220719200531 ,37.5634887,127.0477338
24:0A:C4:22:41:26,506,45.9,12,11,35.3,17,GMT+09:00,20220719200532 ,37.5634887,127.0477338
24:0A:C4:22:41:26,515,45.8,11,11,35.3,18,GMT+09:00,20220719200533 ,37.5634887,127.0477338
24:0A:C4:22:41:26,515,45.9,11,11,35.3,18,GMT+09:00,20220719200534 ,37.5634887,127.0477338
24:0A:C4:22:41:26,515,45.8,12,11,35.3,18,GMT+09:00,20220719200535 ,37.5634887,127.0477338
24:0A:C4:22:41:26,515,45.8,12,11,35.3,18,GMT+09:00,20220719200536 ,37.5634887,127.0477338
24:0A:C4:22:41:26,515,45.8,11,10,35.3,18,GMT+09:00,20220719200537 ,37.5634887,127.0477338
24:0A:C4:22:41:26,515,45.8,11,10,35.3,18,GMT+09:00,20220719200538 ,37.5634887,127.0477338
24:0A:C4:22:41:26,518,45.9,11,10,35.3,18,GMT+09:00,20220719200539 ,37.5634887,127.0477338
24:0A:C4:22:41:26,515,45.8,11,10,35.3,18,GMT+09:00,20220719200540 ,37.5634887,127.0477338
24:0A:C4:22:41:26,515,45.8,11,10,35.3,18,GMT+09:00,20220719200541 ,37.5634887,127.0477338
24:0A:C4:22:41:26,515,45.8,11,10,35.3,18,GMT+09:00,20220719200542 ,37.5634887,127.0477338
24:0A:C4:22:41:26,515,45.8,11,10,35.3,18,GMT+09:00,20220719200543 ,37.5634887,127.0477338
24:0A:C4:22:41:26,515,45.8,12,10,35.3,18,GMT+09:00,20220719200544 ,37.5634887,127.0477338
24:0A:C4:22:41:26,515,45.8,12,10,35.3,18,GMT+09:00,20220719200545 ,37.5634959,127.0477213
24:0A:C4:22:41:26,515,45.8,12,10,35.3,18,GMT+09:00,20220719200546 ,37.5634959,127.0477213
24:0A:C4:22:41:26,515,45.9,12,10,35.3,18,GMT+09:00,20220719200547 ,37.5634959,127.0477213
24:0A:C4:22:41:26,515,45.9,12,10,35.3,18,GMT+09:00,20220719200548 ,37.5634959,127.0477213
24:0A:C4:22:41:26,518,45.8,12,10,35.3,18,GMT+09:00,20220719200549 ,37.5634959,127.0477213
24:0A:C4:22:41:26,515,45.8,12,10,35.3,18,GMT+09:00,20220719200550 ,37.5634959,127.0477213
24:0A:C4:22:41:26,518,45.9,12,10,35.3,18,GMT+09:00,20220719200551 ,37.5634959,127.0477213
24:0A:C4:22:41:26,518,45.8,11,10,35.3,18,GMT+09:00,20220719200552 ,37.5634959,127.0477213
24:0A:C4:22:41:26,515,45.8,11,10,35.3,18,GMT+09:00,20220719200553 ,37.5634959,127.0477213
24:0A:C4:22:41:26,518,45.8,11,10,35.3,18,GMT+09:00,20220719200554 ,37.5634959,127.0477213
24:0A:C4:22:41:26,524,45.8,11,10,35.3,19,GMT+09:00,20220719200555 ,37.5634959,127.0477213
24:0A:C4:22:41:26,518,45.9,11,10,35.3,18,GMT+09:00,20220719200556 ,37.5634959,127.0477213
24:0A:C4:22:41:26,518,45.8,11,10,35.3,18,GMT+09:00,20220719200557 ,37.5634959,127.0477213
24:0A:C4:22:41:26,515,45.8,11,10,35.3,18,GMT+09:00,20220719200558 ,37.5634959,127.0477213
24:0A:C4:22:41:26,518,45.8,11,10,35.3,18,GMT+09:00,20220719200559 ,37.5634959,127.0477213
24:0A:C4:22:41:26,515,45.8,11,10,35.3,18,GMT+09:00,20220719200600 ,37.5634959,127.0477213
24:0A:C4:22:41:26,508,45.8,11,10,35.3,17,GMT+09:00,20220719200601 ,37.5634959,127.0477213
24:0A:C4:22:41:26,515,45.8,11,10,35.3,18,GMT+09:00,20220719200602 ,37.5634959,127.0477213
24:0A:C4:22:41:26,515,45.8,11,10,35.4,18,GMT+09:00,20220719200603 ,37.5634959,127.0477213
24:0A:C4:22:41:26,515,45.8,10,10,35.3,18,GMT+09:00,20220719200604 ,37.5634959,127.0477213
24:0A:C4:22:41:26,508,45.8,10,10,35.3,17,GMT+09:00,20220719200605 ,37.563495,127.0477264
24:0A:C4:22:41:26,508,45.8,10,10,35.4,17,GMT+09:00,20220719200606 ,37.563495,127.0477264
24:0A:C4:22:41:26,520,45.8,10,10,35.4,19,GMT+09:00,20220719200607 ,37.563495,127.0477264
24:0A:C4:22:41:26,515,45.9,10,9,35.3,18,GMT+09:00,20220719200608 ,37.563495,127.0477264
24:0A:C4:22:41:26,515,45.8,10,9,35.3,18,GMT+09:00,20220719200609 ,37.563495,127.0477264
24:0A:C4:22:41:26,508,45.8,10,9,35.4,17,GMT+09:00,20220719200610 ,37.563495,127.0477264
24:0A:C4:22:41:26,515,45.8,10,9,35.4,18,GMT+09:00,20220719200611 ,37.563495,127.0477264
24:0A:C4:22:41:26,520,45.8,10,9,35.4,19,GMT+09:00,20220719200612 ,37.563495,127.0477264
24:0A:C4:22:41:26,520,45.8,9,9,35.4,19,GMT+09:00,20220719200613 ,37.563495,127.0477264
24:0A:C4:22:41:26,520,45.8,9,9,35.3,19,GMT+09:00,20220719200614 ,37.563495,127.0477264
24:0A:C4:22:41:26,520,45.8,9,9,35.4,19,GMT+09:00,20220719200615 ,37.563495,127.0477264
24:0A:C4:22:41:26,520,45.9,9,9,35.4,19,GMT+09:00,20220719200616 ,37.563495,127.0477264
24:0A:C4:22:41:26,520,45.8,9,9,35.4,19,GMT+09:00,20220719200617 ,37.563495,127.0477264
24:0A:C4:22:41:26,520,45.8,9,9,35.4,19,GMT+09:00,20220719200618 ,37.563495,127.0477264
24:0A:C4:22:41:26,515,45.8,9,9,35.4,18,GMT+09:00,20220719200619 ,37.563495,127.0477264
24:0A:C4:22:41:26,520,45.8,9,9,35.4,19,GMT+09:00,20220719200620 ,37.563495,127.0477264
24:0A:C4:22:41:26,520,45.8,9,9,35.4,19,GMT+09:00,20220719200621 ,37.563495,127.0477264
24:0A:C4:22:41:26,520,45.8,9,9,35.4,19,GMT+09:00,20220719200622 ,37.563495,127.0477264
24:0A:C4:22:41:26,520,45.9,9,9,35.4,19,GMT+09:00,20220719200623 ,37.563495,127.0477264
24:0A:C4:22:41:26,520,45.8,9,9,35.4,19,GMT+09:00,20220719200624 ,37.563495,127.0477264
24:0A:C4:22:41:26,527,45.8,8,8,35.4,20,GMT+09:00,20220719200625 ,37.5634907,127.0477341
24:0A:C4:22:41:26,520,45.9,8,8,35.4,19,GMT+09:00,20220719200626 ,37.5634907,127.0477341
24:0A:C4:22:41:26,520,45.8,9,9,35.4,19,GMT+09:00,20220719200627 ,37.5634907,127.0477341
24:0A:C4:22:41:26,520,45.8,9,9,35.4,19,GMT+09:00,20220719200628 ,37.5634907,127.0477341
24:0A:C4:22:41:26,520,45.8,9,9,35.4,19,GMT+09:00,20220719200629 ,37.5634907,127.0477341
24:0A:C4:22:41:26,520,45.8,9,9,35.4,19,GMT+09:00,20220719200630 ,37.5634907,127.0477341
24:0A:C4:22:41:26,520,45.8,9,9,35.4,19,GMT+09:00,20220719200631 ,37.5634907,127.0477341
24:0A:C4:22:41:26,520,45.8,8,8,35.4,19,GMT+09:00,20220719200632 ,37.5634907,127.0477341
24:0A:C4:22:41:26,527,45.8,8,8,35.4,20,GMT+09:00,20220719200633 ,37.5634907,127.0477341
24:0A:C4:22:41:26,520,45.8,8,8,35.4,19,GMT+09:00,20220719200634 ,37.5634907,127.0477341
24:0A:C4:22:41:26,520,45.8,8,8,35.4,19,GMT+09:00,20220719200635 ,37.5634907,127.0477341
24:0A:C4:22:41:26,527,45.8,8,8,35.4,20,GMT+09:00,20220719200636 ,37.5634907,127.0477341
24:0A:C4:22:41:26,520,45.8,8,8,35.4,19,GMT+09:00,20220719200637 ,37.5634907,127.0477341
24:0A:C4:22:41:26,520,45.9,8,8,35.4,19,GMT+09:00,20220719200638 ,37.5634907,127.0477341
24:0A:C4:22:41:26,527,45.8,8,8,35.4,20,GMT+09:00,20220719200639 ,37.5634907,127.0477341
24:0A:C4:22:41:26,520,45.8,8,8,35.4,19,GMT+09:00,20220719200640 ,37.5634907,127.0477341
24:0A:C4:22:41:26,520,45.8,8,8,35.4,19,GMT+09:00,20220719200641 ,37.5634907,127.0477341
24:0A:C4:22:41:26,527,45.9,8,8,35.4,20,GMT+09:00,20220719200642 ,37.5634907,127.0477341
24:0A:C4:22:41:26,527,45.8,8,8,35.4,20,GMT+09:00,20220719200643 ,37.5634907,127.0477341
24:0A:C4:22:41:26,520,45.9,8,8,35.4,19,GMT+09:00,20220719200644 ,37.5634907,127.0477341
24:0A:C4:22:41:26,527,45.9,8,8,35.4,20,GMT+09:00,20220719200645 ,37.5634967,127.0477198
24:0A:C4:22:41:26,520,45.8,8,8,35.4,19,GMT+09:00,20220719200646 ,37.5634967,127.0477198
24:0A:C4:22:41:26,520,45.9,8,8,35.4,19,GMT+09:00,20220719200647 ,37.5634967,127.0477198
24:0A:C4:22:41:26,531,45.8,8,8,35.5,20,GMT+09:00,20220719200648 ,37.5634967,127.0477198
24:0A:C4:22:41:26,520,45.8,8,8,35.4,19,GMT+09:00,20220719200649 ,37.5634967,127.0477198
24:0A:C4:22:41:26,520,45.9,8,8,35.4,19,GMT+09:00,20220719200650 ,37.5634967,127.0477198
24:0A:C4:22:41:26,520,45.8,8,8,35.4,19,GMT+09:00,20220719200651 ,37.5634967,127.0477198
24:0A:C4:22:41:26,527,45.8,8,8,35.4,20,GMT+09:00,20220719200652 ,37.5634967,127.0477198
24:0A:C4:22:41:26,527,45.9,8,8,35.4,20,GMT+09:00,20220719200653 ,37.5634967,127.0477198
24:0A:C4:22:41:26,527,45.8,8,8,35.4,20,GMT+09:00,20220719200654 ,37.5634967,127.0477198
24:0A:C4:22:41:26,527,45.8,8,8,35.5,20,GMT+09:00,20220719200655 ,37.5634967,127.0477198
24:0A:C4:22:41:26,531,45.9,8,8,35.5,20,GMT+09:00,20220719200656 ,37.5634967,127.0477198
24:0A:C4:22:41:26,527,45.8,8,8,35.5,20,GMT+09:00,20220719200657 ,37.5634967,127.0477198
24:0A:C4:22:41:26,527,45.8,8,8,35.5,20,GMT+09:00,20220719200658 ,37.5634967,127.0477198
24:0A:C4:22:41:26,527,45.8,8,8,35.4,20,GMT+09:00,20220719200659 ,37.5634967,127.0477198
24:0A:C4:22:41:26,527,45.9,8,8,35.5,20,GMT+09:00,20220719200700 ,37.5634967,127.0477198
24:0A:C4:22:41:26,537,45.9,8,8,35.4,21,GMT+09:00,20220719200701 ,37.5634967,127.0477198
24:0A:C4:22:41:26,531,45.9,8,8,35.5,20,GMT+09:00,20220719200702 ,37.5634967,127.0477198
24:0A:C4:22:41:26,527,45.9,8,8,35.5,20,GMT+09:00,20220719200703 ,37.5634967,127.0477198
24:0A:C4:22:41:26,527,45.8,8,8,35.5,20,GMT+09:00,20220719200704 ,37.5634967,127.0477198
24:0A:C4:22:41:26,527,45.8,8,8,35.5,20,GMT+09:00,20220719200705 ,37.5634967,127.0477198
24:0A:C4:22:41:26,527,45.9,8,8,35.5,20,GMT+09:00,20220719200706 ,37.5634949,127.0477263
24:0A:C4:22:41:26,527,45.9,8,8,35.5,20,GMT+09:00,20220719200707 ,37.5634949,127.0477263
24:0A:C4:22:41:26,520,45.8,8,8,35.5,19,GMT+09:00,20220719200708 ,37.5634949,127.0477263
24:0A:C4:22:41:26,527,45.8,8,8,35.5,20,GMT+09:00,20220719200709 ,37.5634949,127.0477263
24:0A:C4:22:41:26,531,45.8,8,8,35.5,20,GMT+09:00,20220719200710 ,37.5634949,127.0477263
24:0A:C4:22:41:26,531,45.8,8,8,35.5,20,GMT+09:00,20220719200711 ,37.5634949,127.0477263
24:0A:C4:22:41:26,531,45.8,8,8,35.5,20,GMT+09:00,20220719200712 ,37.5634949,127.0477263
24:0A:C4:22:41:26,542,45.8,8,8,35.5,22,GMT+09:00,20220719200713 ,37.5634949,127.0477263
24:0A:C4:22:41:26,537,45.8,8,8,35.5,21,GMT+09:00,20220719200714 ,37.5634949,127.0477263
24:0A:C4:22:41:26,537,45.8,8,8,35.5,21,GMT+09:00,20220719200715 ,37.5634949,127.0477263
24:0A:C4:22:41:26,545,45.9,8,8,35.5,23,GMT+09:00,20220719200716 ,37.5634949,127.0477263
24:0A:C4:22:41:26,527,45.9,8,8,35.5,20,GMT+09:00,20220719200717 ,37.5634949,127.0477263
24:0A:C4:22:41:26,527,45.9,8,8,35.5,20,GMT+09:00,20220719200717 ,37.5634949,127.0477263
24:0A:C4:22:41:26,542,45.9,8,8,35.5,22,GMT+09:00,20220719200718 ,37.5634949,127.0477263
24:0A:C4:22:41:26,542,45.9,8,8,35.5,22,GMT+09:00,20220719200718 ,37.5634949,127.0477263
24:0A:C4:22:41:26,542,45.8,8,8,35.5,22,GMT+09:00,20220719200719 ,37.5634949,127.0477263
24:0A:C4:22:41:26,542,45.8,8,8,35.5,22,GMT+09:00,20220719200719 ,37.5634949,127.0477263
24:0A:C4:22:41:26,531,45.9,8,8,35.5,20,GMT+09:00,20220719200720 ,37.5634949,127.0477263
24:0A:C4:22:41:26,531,45.9,8,8,35.5,20,GMT+09:00,20220719200720 ,37.5634949,127.0477263
24:0A:C4:22:41:26,537,45.8,8,8,35.5,21,GMT+09:00,20220719200721 ,37.5634949,127.0477263
24:0A:C4:22:41:26,537,45.8,8,8,35.5,21,GMT+09:00,20220719200721 ,37.5634949,127.0477263
24:0A:C4:22:41:26,553,45.8,8,8,35.5,24,GMT+09:00,20220719200722 ,37.5634949,127.0477263
24:0A:C4:22:41:26,553,45.8,8,8,35.5,24,GMT+09:00,20220719200722 ,37.5634949,127.0477263
24:0A:C4:22:41:26,531,45.8,9,9,35.5,20,GMT+09:00,20220719200723 ,37.5634949,127.0477263
24:0A:C4:22:41:26,531,45.8,9,9,35.5,20,GMT+09:00,20220719200723 ,37.5634949,127.0477263
24:0A:C4:22:41:26,531,45.8,9,9,35.5,20,GMT+09:00,20220719200724 ,37.5634949,127.0477263
24:0A:C4:22:41:26,531,45.8,9,9,35.5,20,GMT+09:00,20220719200724 ,37.5634949,127.0477263
24:0A:C4:22:41:26,531,45.8,9,9,35.5,20,GMT+09:00,20220719200725 ,37.5634949,127.0477263
24:0A:C4:22:41:26,531,45.8,9,9,35.5,20,GMT+09:00,20220719200725 ,37.5634949,127.0477263
24:0A:C4:22:41:26,531,45.8,9,9,35.5,20,GMT+09:00,20220719200726 ,37.5634902,127.0477331
24:0A:C4:22:41:26,531,45.8,9,9,35.5,20,GMT+09:00,20220719200726 ,37.5634902,127.0477331
24:0A:C4:22:41:26,531,45.8,9,9,35.5,20,GMT+09:00,20220719200727 ,37.5634902,127.0477331
24:0A:C4:22:41:26,531,45.8,9,9,35.5,20,GMT+09:00,20220719200727 ,37.5634902,127.0477331
24:0A:C4:22:41:26,531,45.8,9,9,35.5,20,GMT+09:00,20220719200728 ,37.5634902,127.0477331
24:0A:C4:22:41:26,531,45.8,9,9,35.5,20,GMT+09:00,20220719200728 ,37.5634902,127.0477331
24:0A:C4:22:41:26,531,45.9,9,9,35.5,20,GMT+09:00,20220719200729 ,37.5634902,127.0477331
24:0A:C4:22:41:26,531,45.9,9,9,35.5,20,GMT+09:00,20220719200729 ,37.5634902,127.0477331
24:0A:C4:22:41:26,531,45.8,9,9,35.5,20,GMT+09:00,20220719200730 ,37.5634902,127.0477331
24:0A:C4:22:41:26,531,45.8,9,9,35.5,20,GMT+09:00,20220719200730 ,37.5634902,127.0477331
24:0A:C4:22:41:26,531,45.9,9,9,35.5,20,GMT+09:00,20220719200731 ,37.5634902,127.0477331
24:0A:C4:22:41:26,531,45.9,9,9,35.5,20,GMT+09:00,20220719200731 ,37.5634902,127.0477331
24:0A:C4:22:41:26,537,45.8,9,9,35.5,21,GMT+09:00,20220719200732 ,37.5634902,127.0477331
24:0A:C4:22:41:26,537,45.8,9,9,35.5,21,GMT+09:00,20220719200732 ,37.5634902,127.0477331
24:0A:C4:22:41:26,531,45.8,9,9,35.5,20,GMT+09:00,20220719200733 ,37.5634902,127.0477331
24:0A:C4:22:41:26,531,45.8,9,9,35.5,20,GMT+09:00,20220719200733 ,37.5634902,127.0477331
24:0A:C4:22:41:26,531,45.9,9,9,35.5,20,GMT+09:00,20220719200734 ,37.5634902,127.0477331
24:0A:C4:22:41:26,531,45.9,9,9,35.5,20,GMT+09:00,20220719200734 ,37.5634902,127.0477331
24:0A:C4:22:41:26,537,45.9,9,9,35.6,21,GMT+09:00,20220719200735 ,37.5634902,127.0477331
24:0A:C4:22:41:26,537,45.9,9,9,35.6,21,GMT+09:00,20220719200735 ,37.5634902,127.0477331
24:0A:C4:22:41:26,537,45.9,9,9,35.5,21,GMT+09:00,20220719200736 ,37.5634902,127.0477331
24:0A:C4:22:41:26,537,45.9,9,9,35.5,21,GMT+09:00,20220719200736 ,37.5634902,127.0477331
24:0A:C4:22:41:26,542,45.8,9,9,35.6,22,GMT+09:00,20220719200737 ,37.5634902,127.0477331
24:0A:C4:22:41:26,542,45.8,9,9,35.6,22,GMT+09:00,20220719200737 ,37.5634902,127.0477331
24:0A:C4:22:41:26,542,45.8,9,9,35.6,22,GMT+09:00,20220719200738 ,37.5634902,127.0477331
24:0A:C4:22:41:26,542,45.8,9,9,35.6,22,GMT+09:00,20220719200738 ,37.5634902,127.0477331
24:0A:C4:22:41:26,542,45.8,9,9,35.6,22,GMT+09:00,20220719200739 ,37.5634902,127.0477331
24:0A:C4:22:41:26,542,45.8,9,9,35.6,22,GMT+09:00,20220719200739 ,37.5634902,127.0477331
24:0A:C4:22:41:26,542,45.9,9,9,35.6,22,GMT+09:00,20220719200740 ,37.5634902,127.0477331
24:0A:C4:22:41:26,542,45.9,9,9,35.6,22,GMT+09:00,20220719200740 ,37.5634902,127.0477331
24:0A:C4:22:41:26,545,45.8,9,9,35.6,23,GMT+09:00,20220719200741 ,37.5634902,127.0477331
24:0A:C4:22:41:26,545,45.8,9,9,35.6,23,GMT+09:00,20220719200741 ,37.5634902,127.0477331
24:0A:C4:22:41:26,545,45.9,9,9,35.6,23,GMT+09:00,20220719200742 ,37.5634902,127.0477331
24:0A:C4:22:41:26,545,45.9,9,9,35.6,23,GMT+09:00,20220719200742 ,37.5634902,127.0477331
24:0A:C4:22:41:26,545,45.9,9,9,35.6,23,GMT+09:00,20220719200743 ,37.5634902,127.0477331
24:0A:C4:22:41:26,545,45.9,9,9,35.6,23,GMT+09:00,20220719200743 ,37.5634902,127.0477331
24:0A:C4:22:41:26,542,45.9,8,8,35.6,22,GMT+09:00,20220719200744 ,37.5634902,127.0477331
24:0A:C4:22:41:26,542,45.9,8,8,35.6,22,GMT+09:00,20220719200744 ,37.5634902,127.0477331
24:0A:C4:22:41:26,542,45.9,8,8,35.5,22,GMT+09:00,20220719200745 ,37.5634902,127.0477331
24:0A:C4:22:41:26,542,45.9,8,8,35.5,22,GMT+09:00,20220719200745 ,37.5634902,127.0477331
24:0A:C4:22:41:26,553,45.8,8,8,35.6,24,GMT+09:00,20220719200746 ,37.5634964,127.0477207
24:0A:C4:22:41:26,553,45.8,8,8,35.6,24,GMT+09:00,20220719200746 ,37.5634964,127.0477207
24:0A:C4:22:41:26,553,45.9,8,8,35.6,24,GMT+09:00,20220719200747 ,37.5634964,127.0477207
24:0A:C4:22:41:26,553,45.9,8,8,35.6,24,GMT+09:00,20220719200747 ,37.5634964,127.0477207
24:0A:C4:22:41:26,545,45.9,8,8,35.6,23,GMT+09:00,20220719200748 ,37.5634964,127.0477207
24:0A:C4:22:41:26,545,45.9,8,8,35.6,23,GMT+09:00,20220719200748 ,37.5634964,127.0477207
24:0A:C4:22:41:26,553,45.9,8,8,35.6,24,GMT+09:00,20220719200749 ,37.5634964,127.0477207
24:0A:C4:22:41:26,553,45.9,8,8,35.6,24,GMT+09:00,20220719200749 ,37.5634964,127.0477207
24:0A:C4:22:41:26,553,45.9,8,8,35.6,24,GMT+09:00,20220719200750 ,37.5634964,127.0477207
24:0A:C4:22:41:26,553,45.9,8,8,35.6,24,GMT+09:00,20220719200750 ,37.5634964,127.0477207
24:0A:C4:22:41:26,553,45.9,8,8,35.6,24,GMT+09:00,20220719200751 ,37.5634964,127.0477207
24:0A:C4:22:41:26,553,45.9,8,8,35.6,24,GMT+09:00,20220719200751 ,37.5634964,127.0477207
24:0A:C4:22:41:26,556,45.9,8,8,35.6,24,GMT+09:00,20220719200752 ,37.5634964,127.0477207
24:0A:C4:22:41:26,556,45.9,8,8,35.6,24,GMT+09:00,20220719200752 ,37.5634964,127.0477207
24:0A:C4:22:41:26,553,45.9,8,8,35.6,24,GMT+09:00,20220719200753 ,37.5634964,127.0477207
24:0A:C4:22:41:26,553,45.9,8,8,35.6,24,GMT+09:00,20220719200753 ,37.5634964,127.0477207
24:0A:C4:22:41:26,556,45.9,8,8,35.6,24,GMT+09:00,20220719200754 ,37.5634964,127.0477207
24:0A:C4:22:41:26,556,45.9,8,8,35.6,24,GMT+09:00,20220719200754 ,37.5634964,127.0477207
24:0A:C4:22:41:26,556,45.9,8,8,35.6,24,GMT+09:00,20220719200755 ,37.5634964,127.0477207
24:0A:C4:22:41:26,556,45.9,8,8,35.6,24,GMT+09:00,20220719200755 ,37.5634964,127.0477207
24:0A:C4:22:41:26,556,45.9,8,8,35.6,24,GMT+09:00,20220719200756 ,37.5634964,127.0477207
24:0A:C4:22:41:26,556,45.9,8,8,35.6,24,GMT+09:00,20220719200756 ,37.5634964,127.0477207
24:0A:C4:22:41:26,553,45.9,9,8,35.6,24,GMT+09:00,20220719200757 ,37.5634964,127.0477207
24:0A:C4:22:41:26,553,45.9,9,8,35.6,24,GMT+09:00,20220719200757 ,37.5634964,127.0477207
24:0A:C4:22:41:26,565,45.9,9,8,35.6,26,GMT+09:00,20220719200758 ,37.5634964,127.0477207
24:0A:C4:22:41:26,565,45.9,9,8,35.6,26,GMT+09:00,20220719200758 ,37.5634964,127.0477207
24:0A:C4:22:41:26,556,45.8,9,8,35.6,24,GMT+09:00,20220719200759 ,37.5634964,127.0477207
24:0A:C4:22:41:26,556,45.8,9,8,35.6,24,GMT+09:00,20220719200759 ,37.5634964,127.0477207
24:0A:C4:22:41:26,565,45.9,9,8,35.6,26,GMT+09:00,20220719200800 ,37.5634964,127.0477207
24:0A:C4:22:41:26,565,45.9,9,8,35.6,26,GMT+09:00,20220719200800 ,37.5634964,127.0477207
24:0A:C4:22:41:26,565,45.9,9,8,35.6,26,GMT+09:00,20220719200801 ,37.5634964,127.0477207
24:0A:C4:22:41:26,565,45.9,9,8,35.6,26,GMT+09:00,20220719200801 ,37.5634964,127.0477207
24:0A:C4:22:41:26,565,45.9,9,8,35.6,26,GMT+09:00,20220719200802 ,37.5634964,127.0477207
24:0A:C4:22:41:26,565,45.9,9,8,35.6,26,GMT+09:00,20220719200802 ,37.5634964,127.0477207
24:0A:C4:22:41:26,565,45.9,9,8,35.6,26,GMT+09:00,20220719200803 ,37.5634964,127.0477207
24:0A:C4:22:41:26,565,45.9,9,8,35.6,26,GMT+09:00,20220719200803 ,37.5634964,127.0477207
24:0A:C4:22:41:26,569,45.9,9,8,35.6,26,GMT+09:00,20220719200804 ,37.5634964,127.0477207
24:0A:C4:22:41:26,569,45.9,9,8,35.6,26,GMT+09:00,20220719200804 ,37.5634964,127.0477207
24:0A:C4:22:41:26,577,45.9,9,8,35.6,27,GMT+09:00,20220719200805 ,37.5634964,127.0477207
24:0A:C4:22:41:26,577,45.9,9,8,35.6,27,GMT+09:00,20220719200805 ,37.5634964,127.0477207
24:0A:C4:22:41:26,569,45.9,9,8,35.6,26,GMT+09:00,20220719200806 ,37.5634899,127.0477338
24:0A:C4:22:41:26,569,45.9,9,8,35.6,26,GMT+09:00,20220719200806 ,37.5634899,127.0477338
24:0A:C4:22:41:26,569,45.9,9,8,35.6,26,GMT+09:00,20220719200807 ,37.5634899,127.0477338
24:0A:C4:22:41:26,569,45.9,9,8,35.6,26,GMT+09:00,20220719200807 ,37.5634899,127.0477338
24:0A:C4:22:41:26,577,45.9,9,8,35.6,27,GMT+09:00,20220719200808 ,37.5634899,127.0477338
24:0A:C4:22:41:26,577,45.9,9,8,35.6,27,GMT+09:00,20220719200808 ,37.5634899,127.0477338
24:0A:C4:22:41:26,569,45.9,9,8,35.6,26,GMT+09:00,20220719200809 ,37.5634899,127.0477338
24:0A:C4:22:41:26,569,45.9,9,8,35.6,26,GMT+09:00,20220719200809 ,37.5634899,127.0477338
24:0A:C4:22:41:26,577,45.9,9,8,35.6,27,GMT+09:00,20220719200810 ,37.5634899,127.0477338
24:0A:C4:22:41:26,577,45.9,9,8,35.6,27,GMT+09:00,20220719200810 ,37.5634899,127.0477338
24:0A:C4:22:41:26,581,45.9,9,8,35.6,28,GMT+09:00,20220719200811 ,37.5634899,127.0477338
24:0A:C4:22:41:26,581,45.9,9,8,35.6,28,GMT+09:00,20220719200811 ,37.5634899,127.0477338
24:0A:C4:22:41:26,577,45.9,9,8,35.6,27,GMT+09:00,20220719200812 ,37.5634899,127.0477338
24:0A:C4:22:41:26,577,45.9,9,8,35.6,27,GMT+09:00,20220719200812 ,37.5634899,127.0477338
24:0A:C4:22:41:26,577,45.9,8,8,35.6,27,GMT+09:00,20220719200813 ,37.5634899,127.0477338
24:0A:C4:22:41:26,577,45.9,8,8,35.6,27,GMT+09:00,20220719200813 ,37.5634899,127.0477338
24:0A:C4:22:41:26,581,45.9,8,8,35.6,28,GMT+09:00,20220719200814 ,37.5634899,127.0477338
24:0A:C4:22:41:26,581,45.9,8,8,35.6,28,GMT+09:00,20220719200814 ,37.5634899,127.0477338
24:0A:C4:22:41:26,581,45.9,8,8,35.6,28,GMT+09:00,20220719200815 ,37.5634899,127.0477338
24:0A:C4:22:41:26,581,45.9,8,8,35.6,28,GMT+09:00,20220719200815 ,37.5634899,127.0477338
24:0A:C4:22:41:26,589,45.9,8,8,35.6,29,GMT+09:00,20220719200816 ,37.5634899,127.0477338
24:0A:C4:22:41:26,589,45.9,8,8,35.6,29,GMT+09:00,20220719200816 ,37.5634899,127.0477338
24:0A:C4:22:41:26,589,45.9,8,8,35.7,29,GMT+09:00,20220719200817 ,37.5634899,127.0477338
24:0A:C4:22:41:26,581,45.9,8,8,35.7,28,GMT+09:00,20220719200818 ,37.5634899,127.0477338
24:0A:C4:22:41:26,589,45.9,8,8,35.6,29,GMT+09:00,20220719200819 ,37.5634899,127.0477338
24:0A:C4:22:41:26,589,45.9,8,8,35.6,29,GMT+09:00,20220719200820 ,37.5634899,127.0477338
24:0A:C4:22:41:26,589,45.9,8,8,35.7,29,GMT+09:00,20220719200821 ,37.5634899,127.0477338
24:0A:C4:22:41:26,589,45.9,8,8,35.7,29,GMT+09:00,20220719200822 ,37.5634899,127.0477338
24:0A:C4:22:41:26,589,45.8,8,8,35.7,29,GMT+09:00,20220719200823 ,37.5634899,127.0477338
24:0A:C4:22:41:26,589,45.9,8,8,35.7,29,GMT+09:00,20220719200824 ,37.5634899,127.0477338
24:0A:C4:22:41:26,602,45.8,8,8,35.7,31,GMT+09:00,20220719200825 ,37.5634899,127.0477338
24:0A:C4:22:41:26,594,45.9,8,8,35.7,30,GMT+09:00,20220719200826 ,37.5634954,127.0477221
24:0A:C4:22:41:26,594,45.8,8,8,35.7,30,GMT+09:00,20220719200827 ,37.5634954,127.0477221
24:0A:C4:22:41:26,594,45.8,8,8,35.7,30,GMT+09:00,20220719200828 ,37.5634954,127.0477221
24:0A:C4:22:41:26,594,45.8,8,8,35.7,30,GMT+09:00,20220719200829 ,37.5634954,127.0477221
24:0A:C4:22:41:26,602,45.9,8,8,35.7,31,GMT+09:00,20220719200830 ,37.5634954,127.0477221
24:0A:C4:22:41:26,594,45.9,8,8,35.7,30,GMT+09:00,20220719200831 ,37.5634954,127.0477221
24:0A:C4:22:41:26,602,45.9,8,8,35.7,31,GMT+09:00,20220719200832 ,37.5634954,127.0477221
24:0A:C4:22:41:26,602,45.9,8,8,35.7,31,GMT+09:00,20220719200833 ,37.5634954,127.0477221
24:0A:C4:22:41:26,594,45.9,8,8,35.7,30,GMT+09:00,20220719200834 ,37.5634954,127.0477221
24:0A:C4:22:41:26,607,45.8,8,8,35.7,32,GMT+09:00,20220719200835 ,37.5634954,127.0477221
24:0A:C4:22:41:26,602,45.8,8,8,35.7,31,GMT+09:00,20220719200836 ,37.5634954,127.0477221
24:0A:C4:22:41:26,602,45.9,8,8,35.7,31,GMT+09:00,20220719200837 ,37.5634954,127.0477221
24:0A:C4:22:41:26,607,45.9,8,8,35.7,32,GMT+09:00,20220719200838 ,37.5634954,127.0477221
24:0A:C4:22:41:26,602,45.8,8,8,35.7,31,GMT+09:00,20220719200839 ,37.5634954,127.0477221
24:0A:C4:22:41:26,602,45.8,8,8,35.7,31,GMT+09:00,20220719200840 ,37.5634954,127.0477221
24:0A:C4:22:41:26,602,45.8,8,8,35.7,31,GMT+09:00,20220719200841 ,37.5634954,127.0477221
24:0A:C4:22:41:26,607,45.8,8,8,35.7,32,GMT+09:00,20220719200842 ,37.5634954,127.0477221
24:0A:C4:22:41:26,607,45.9,8,8,35.7,32,GMT+09:00,20220719200843 ,37.5634954,127.0477221
24:0A:C4:22:41:26,602,45.9,8,8,35.7,31,GMT+09:00,20220719200844 ,37.5634954,127.0477221
24:0A:C4:22:41:26,607,45.9,8,8,35.7,32,GMT+09:00,20220719200845 ,37.5634954,127.0477221
24:0A:C4:22:41:26,615,45.9,8,8,35.7,33,GMT+09:00,20220719200846 ,37.5634896,127.0477321
24:0A:C4:22:41:26,607,45.9,8,8,35.7,32,GMT+09:00,20220719200847 ,37.5634896,127.0477321
24:0A:C4:22:41:26,607,45.9,8,8,35.7,32,GMT+09:00,20220719200848 ,37.5634896,127.0477321
24:0A:C4:22:41:26,607,45.8,8,8,35.7,32,GMT+09:00,20220719200849 ,37.5634896,127.0477321
24:0A:C4:22:41:26,615,45.9,8,8,35.7,33,GMT+09:00,20220719200850 ,37.5634896,127.0477321
24:0A:C4:22:41:26,607,45.9,8,8,35.8,32,GMT+09:00,20220719200851 ,37.5634896,127.0477321
24:0A:C4:22:41:26,615,45.9,8,8,35.8,33,GMT+09:00,20220719200852 ,37.5634896,127.0477321
24:0A:C4:22:41:26,607,45.9,8,8,35.7,32,GMT+09:00,20220719200853 ,37.5634896,127.0477321
24:0A:C4:22:41:26,615,45.8,8,8,35.8,33,GMT+09:00,20220719200854 ,37.5634896,127.0477321
24:0A:C4:22:41:26,607,45.9,8,8,35.8,32,GMT+09:00,20220719200855 ,37.5634896,127.0477321
24:0A:C4:22:41:26,615,45.9,8,8,35.7,33,GMT+09:00,20220719200856 ,37.5634896,127.0477321
24:0A:C4:22:41:26,607,45.9,8,8,35.8,32,GMT+09:00,20220719200857 ,37.5634896,127.0477321
24:0A:C4:22:41:26,615,45.9,8,8,35.8,33,GMT+09:00,20220719200858 ,37.5634896,127.0477321
24:0A:C4:22:41:26,615,45.8,8,8,35.8,33,GMT+09:00,20220719200859 ,37.5634896,127.0477321
24:0A:C4:22:41:26,615,45.9,8,8,35.8,33,GMT+09:00,20220719200900 ,37.5634896,127.0477321
24:0A:C4:22:41:26,618,45.9,8,8,35.8,34,GMT+09:00,20220719200901 ,37.5634896,127.0477321
24:0A:C4:22:41:26,615,45.9,8,8,35.8,33,GMT+09:00,20220719200902 ,37.5634896,127.0477321
24:0A:C4:22:41:26,618,45.9,8,8,35.8,34,GMT+09:00,20220719200903 ,37.5634896,127.0477321
24:0A:C4:22:41:26,618,45.9,8,8,35.8,34,GMT+09:00,20220719200904 ,37.5634896,127.0477321
24:0A:C4:22:41:26,618,45.9,8,8,35.8,34,GMT+09:00,20220719200905 ,37.5634896,127.0477321
24:0A:C4:22:41:26,618,45.9,8,8,35.8,34,GMT+09:00,20220719200906 ,37.5634921,127.0477294
24:0A:C4:22:41:26,626,45.9,8,8,35.8,35,GMT+09:00,20220719200907 ,37.5634921,127.0477294
24:0A:C4:22:41:26,626,45.9,8,8,35.8,35,GMT+09:00,20220719200908 ,37.5634921,127.0477294
24:0A:C4:22:41:26,618,45.8,8,8,35.8,34,GMT+09:00,20220719200909 ,37.5634921,127.0477294
24:0A:C4:22:41:26,618,45.8,8,8,35.8,34,GMT+09:00,20220719200910 ,37.5634921,127.0477294
24:0A:C4:22:41:26,618,45.9,7,7,35.8,34,GMT+09:00,20220719200911 ,37.5634921,127.0477294
24:0A:C4:22:41:26,618,45.9,7,7,35.8,34,GMT+09:00,20220719200912 ,37.5634921,127.0477294
24:0A:C4:22:41:26,626,45.9,7,7,35.8,35,GMT+09:00,20220719200913 ,37.5634921,127.0477294
24:0A:C4:22:41:26,631,45.9,8,7,35.8,36,GMT+09:00,20220719200914 ,37.5634921,127.0477294
24:0A:C4:22:41:26,626,45.9,8,7,35.8,35,GMT+09:00,20220719200915 ,37.5634921,127.0477294
24:0A:C4:22:41:26,626,45.8,8,7,35.8,35,GMT+09:00,20220719200916 ,37.5634921,127.0477294
24:0A:C4:22:41:26,631,45.9,8,7,35.8,36,GMT+09:00,20220719200917 ,37.5634921,127.0477294
24:0A:C4:22:41:26,618,45.9,8,7,35.8,34,GMT+09:00,20220719200918 ,37.5634921,127.0477294
24:0A:C4:22:41:26,626,45.9,8,7,35.8,35,GMT+09:00,20220719200919 ,37.5634921,127.0477294
24:0A:C4:22:41:26,626,45.9,8,7,35.8,35,GMT+09:00,20220719200920 ,37.5634921,127.0477294
24:0A:C4:22:41:26,626,45.9,8,7,35.8,35,GMT+09:00,20220719200921 ,37.5634921,127.0477294
24:0A:C4:22:41:26,626,45.9,8,7,35.8,35,GMT+09:00,20220719200922 ,37.5634921,127.0477294
24:0A:C4:22:41:26,626,45.9,8,7,35.8,35,GMT+09:00,20220719200923 ,37.5634921,127.0477294
24:0A:C4:22:41:26,626,45.9,8,7,35.8,35,GMT+09:00,20220719200924 ,37.5634921,127.0477294
24:0A:C4:22:41:26,631,45.9,8,7,35.8,36,GMT+09:00,20220719200925 ,37.5634921,127.0477294
24:0A:C4:22:41:26,631,45.8,8,7,35.8,36,GMT+09:00,20220719200926 ,37.5634901,127.0477353
24:0A:C4:22:41:26,638,45.8,8,7,35.8,37,GMT+09:00,20220719200927 ,37.5634901,127.0477353
24:0A:C4:22:41:26,631,45.9,8,7,35.8,36,GMT+09:00,20220719200928 ,37.5634901,127.0477353
24:0A:C4:22:41:26,626,45.9,8,7,35.8,35,GMT+09:00,20220719200929 ,37.5634901,127.0477353
24:0A:C4:22:41:26,631,45.9,8,7,35.8,36,GMT+09:00,20220719200930 ,37.5634901,127.0477353
24:0A:C4:22:41:26,626,45.8,8,7,35.8,35,GMT+09:00,20220719200931 ,37.5634901,127.0477353
24:0A:C4:22:41:26,638,45.9,8,7,35.8,37,GMT+09:00,20220719200932 ,37.5634901,127.0477353
24:0A:C4:22:41:26,631,45.9,8,7,35.9,36,GMT+09:00,20220719200933 ,37.5634901,127.0477353
24:0A:C4:22:41:26,631,45.8,8,7,35.9,36,GMT+09:00,20220719200934 ,37.5634901,127.0477353
24:0A:C4:22:41:26,631,45.8,7,7,35.8,36,GMT+09:00,20220719200935 ,37.5634901,127.0477353
24:0A:C4:22:41:26,631,45.8,7,7,35.9,36,GMT+09:00,20220719200936 ,37.5634901,127.0477353
24:0A:C4:22:41:26,638,45.9,8,7,35.8,37,GMT+09:00,20220719200937 ,37.5634901,127.0477353
24:0A:C4:22:41:26,638,45.9,8,7,35.8,37,GMT+09:00,20220719200938 ,37.5634901,127.0477353
24:0A:C4:22:41:26,638,45.8,8,7,35.8,37,GMT+09:00,20220719200939 ,37.5634901,127.0477353
24:0A:C4:22:41:26,643,45.8,8,7,35.8,38,GMT+09:00,20220719200940 ,37.5634901,127.0477353
24:0A:C4:22:41:26,631,45.8,8,7,35.9,36,GMT+09:00,20220719200941 ,37.5634901,127.0477353
24:0A:C4:22:41:26,638,45.9,8,7,35.9,37,GMT+09:00,20220719200942 ,37.5634901,127.0477353
24:0A:C4:22:41:26,638,45.9,8,7,35.9,37,GMT+09:00,20220719200943 ,37.5634901,127.0477353
24:0A:C4:22:41:26,638,45.9,8,7,35.9,37,GMT+09:00,20220719200944 ,37.5634901,127.0477353
24:0A:C4:22:41:26,643,45.8,8,7,35.9,38,GMT+09:00,20220719200945 ,37.5634901,127.0477353
24:0A:C4:22:41:26,638,45.9,8,7,35.9,37,GMT+09:00,20220719200946 ,37.5634901,127.0477353
24:0A:C4:22:41:26,638,45.9,8,7,35.9,37,GMT+09:00,20220719200947 ,37.5634901,127.0477353
24:0A:C4:22:41:26,643,45.9,8,7,35.9,38,GMT+09:00,20220719200948 ,37.5635261,127.0476411
24:0A:C4:22:41:26,638,45.9,7,7,35.9,37,GMT+09:00,20220719200949 ,37.5635261,127.0476411
24:0A:C4:22:41:26,643,45.9,7,7,35.9,38,GMT+09:00,20220719200950 ,37.5635261,127.0476411
24:0A:C4:22:41:26,643,46.2,7,7,35.9,38,GMT+09:00,20220719200951 ,37.5635261,127.0476411
